label;question
4;Хочу подать резюме
4;Хочу подать заявку на работу
4;Хочу подать анкету
4;Хочу подать заявку на должность
4;Хочу подать заявку на пост
4;Хочу подать анкету сотрудника
4;Хочу оставить резюме
4;Хочу оставить заявку на работу
4;Хочу оставить анкету
4;Хочу оставить заявку на должность
4;Хочу оставить заявку на пост
4;Хочу оставить анкету сотрудника
4;Хочу заполнить резюме
4;Хочу заполнить заявку на работу
4;Хочу заполнить анкету
4;Хочу заполнить заявку на должность
4;Хочу заполнить заявку на пост
4;Хочу заполнить анкету сотрудника
4;Хочу составить резюме
4;Хочу составить заявку на работу
4;Хочу составить анкету
4;Хочу составить заявку на должность
4;Хочу составить заявку на пост
4;Хочу составить анкету сотрудника
4;Хочу придумать резюме
4;Хочу придумать заявку на работу
4;Хочу придумать анкету
4;Хочу придумать заявку на должность
4;Хочу придумать заявку на пост
4;Хочу придумать анкету сотрудника
4;Хочу написать резюме
4;Хочу написать заявку на работу
4;Хочу написать анкету
4;Хочу написать заявку на должность
4;Хочу написать заявку на пост
4;Хочу написать анкету сотрудника
4;Хочу набросать резюме
4;Хочу набросать заявку на работу
4;Хочу набросать анкету
4;Хочу набросать заявку на должность
4;Хочу набросать заявку на пост
4;Хочу набросать анкету сотрудника
4;Хочу оформить резюме
4;Хочу оформить заявку на работу
4;Хочу оформить анкету
4;Хочу оформить заявку на должность
4;Хочу оформить заявку на пост
4;Хочу оформить анкету сотрудника
4;Хочу направить резюме
4;Хочу направить заявку на работу
4;Хочу направить анкету
4;Хочу направить заявку на должность
4;Хочу направить заявку на пост
4;Хочу направить анкету сотрудника
4;Хочу набрать резюме
4;Хочу набрать заявку на работу
4;Хочу набрать анкету
4;Хочу набрать заявку на должность
4;Хочу набрать заявку на пост
4;Хочу набрать анкету сотрудника
4;Как я могу подать резюме
4;Как я могу подать заявку на работу
4;Как я могу подать анкету
4;Как я могу подать заявку на должность
4;Как я могу подать заявку на пост
4;Как я могу подать анкету сотрудника
4;Как я могу оставить резюме
4;Как я могу оставить заявку на работу
4;Как я могу оставить анкету
4;Как я могу оставить заявку на должность
4;Как я могу оставить заявку на пост
4;Как я могу оставить анкету сотрудника
4;Как я могу заполнить резюме
4;Как я могу заполнить заявку на работу
4;Как я могу заполнить анкету
4;Как я могу заполнить заявку на должность
4;Как я могу заполнить заявку на пост
4;Как я могу заполнить анкету сотрудника
4;Как я могу составить резюме
4;Как я могу составить заявку на работу
4;Как я могу составить анкету
4;Как я могу составить заявку на должность
4;Как я могу составить заявку на пост
4;Как я могу составить анкету сотрудника
4;Как я могу придумать резюме
4;Как я могу придумать заявку на работу
4;Как я могу придумать анкету
4;Как я могу придумать заявку на должность
4;Как я могу придумать заявку на пост
4;Как я могу придумать анкету сотрудника
4;Как я могу написать резюме
4;Как я могу написать заявку на работу
4;Как я могу написать анкету
4;Как я могу написать заявку на должность
4;Как я могу написать заявку на пост
4;Как я могу написать анкету сотрудника
4;Как я могу набросать резюме
4;Как я могу набросать заявку на работу
4;Как я могу набросать анкету
4;Как я могу набросать заявку на должность
4;Как я могу набросать заявку на пост
4;Как я могу набросать анкету сотрудника
4;Как я могу оформить резюме
4;Как я могу оформить заявку на работу
4;Как я могу оформить анкету
4;Как я могу оформить заявку на должность
4;Как я могу оформить заявку на пост
4;Как я могу оформить анкету сотрудника
4;Как я могу направить резюме
4;Как я могу направить заявку на работу
4;Как я могу направить анкету
4;Как я могу направить заявку на должность
4;Как я могу направить заявку на пост
4;Как я могу направить анкету сотрудника
4;Как я могу набрать резюме
4;Как я могу набрать заявку на работу
4;Как я могу набрать анкету
4;Как я могу набрать заявку на должность
4;Как я могу набрать заявку на пост
4;Как я могу набрать анкету сотрудника
4;Помоги подать резюме
4;Помоги подать заявку на работу
4;Помоги подать анкету
4;Помоги подать заявку на должность
4;Помоги подать заявку на пост
4;Помоги подать анкету сотрудника
4;Помоги оставить резюме
4;Помоги оставить заявку на работу
4;Помоги оставить анкету
4;Помоги оставить заявку на должность
4;Помоги оставить заявку на пост
4;Помоги оставить анкету сотрудника
4;Помоги заполнить резюме
4;Помоги заполнить заявку на работу
4;Помоги заполнить анкету
4;Помоги заполнить заявку на должность
4;Помоги заполнить заявку на пост
4;Помоги заполнить анкету сотрудника
4;Помоги составить резюме
4;Помоги составить заявку на работу
4;Помоги составить анкету
4;Помоги составить заявку на должность
4;Помоги составить заявку на пост
4;Помоги составить анкету сотрудника
4;Помоги придумать резюме
4;Помоги придумать заявку на работу
4;Помоги придумать анкету
4;Помоги придумать заявку на должность
4;Помоги придумать заявку на пост
4;Помоги придумать анкету сотрудника
4;Помоги написать резюме
4;Помоги написать заявку на работу
4;Помоги написать анкету
4;Помоги написать заявку на должность
4;Помоги написать заявку на пост
4;Помоги написать анкету сотрудника
4;Помоги набросать резюме
4;Помоги набросать заявку на работу
4;Помоги набросать анкету
4;Помоги набросать заявку на должность
4;Помоги набросать заявку на пост
4;Помоги набросать анкету сотрудника
4;Помоги оформить резюме
4;Помоги оформить заявку на работу
4;Помоги оформить анкету
4;Помоги оформить заявку на должность
4;Помоги оформить заявку на пост
4;Помоги оформить анкету сотрудника
4;Помоги направить резюме
4;Помоги направить заявку на работу
4;Помоги направить анкету
4;Помоги направить заявку на должность
4;Помоги направить заявку на пост
4;Помоги направить анкету сотрудника
4;Помоги набрать резюме
4;Помоги набрать заявку на работу
4;Помоги набрать анкету
4;Помоги набрать заявку на должность
4;Помоги набрать заявку на пост
4;Помоги набрать анкету сотрудника
4;Позволь подать резюме
4;Позволь подать заявку на работу
4;Позволь подать анкету
4;Позволь подать заявку на должность
4;Позволь подать заявку на пост
4;Позволь подать анкету сотрудника
4;Позволь оставить резюме
4;Позволь оставить заявку на работу
4;Позволь оставить анкету
4;Позволь оставить заявку на должность
4;Позволь оставить заявку на пост
4;Позволь оставить анкету сотрудника
4;Позволь заполнить резюме
4;Позволь заполнить заявку на работу
4;Позволь заполнить анкету
4;Позволь заполнить заявку на должность
4;Позволь заполнить заявку на пост
4;Позволь заполнить анкету сотрудника
4;Позволь составить резюме
4;Позволь составить заявку на работу
4;Позволь составить анкету
4;Позволь составить заявку на должность
4;Позволь составить заявку на пост
4;Позволь составить анкету сотрудника
4;Позволь придумать резюме
4;Позволь придумать заявку на работу
4;Позволь придумать анкету
4;Позволь придумать заявку на должность
4;Позволь придумать заявку на пост
4;Позволь придумать анкету сотрудника
4;Позволь написать резюме
4;Позволь написать заявку на работу
4;Позволь написать анкету
4;Позволь написать заявку на должность
4;Позволь написать заявку на пост
4;Позволь написать анкету сотрудника
4;Позволь набросать резюме
4;Позволь набросать заявку на работу
4;Позволь набросать анкету
4;Позволь набросать заявку на должность
4;Позволь набросать заявку на пост
4;Позволь набросать анкету сотрудника
4;Позволь оформить резюме
4;Позволь оформить заявку на работу
4;Позволь оформить анкету
4;Позволь оформить заявку на должность
4;Позволь оформить заявку на пост
4;Позволь оформить анкету сотрудника
4;Позволь направить резюме
4;Позволь направить заявку на работу
4;Позволь направить анкету
4;Позволь направить заявку на должность
4;Позволь направить заявку на пост
4;Позволь направить анкету сотрудника
4;Позволь набрать резюме
4;Позволь набрать заявку на работу
4;Позволь набрать анкету
4;Позволь набрать заявку на должность
4;Позволь набрать заявку на пост
4;Позволь набрать анкету сотрудника
4;Как подать резюме
4;Как подать заявку на работу
4;Как подать анкету
4;Как подать заявку на должность
4;Как подать заявку на пост
4;Как подать анкету сотрудника
4;Как оставить резюме
4;Как оставить заявку на работу
4;Как оставить анкету
4;Как оставить заявку на должность
4;Как оставить заявку на пост
4;Как оставить анкету сотрудника
4;Как заполнить резюме
4;Как заполнить заявку на работу
4;Как заполнить анкету
4;Как заполнить заявку на должность
4;Как заполнить заявку на пост
4;Как заполнить анкету сотрудника
4;Как составить резюме
4;Как составить заявку на работу
4;Как составить анкету
4;Как составить заявку на должность
4;Как составить заявку на пост
4;Как составить анкету сотрудника
4;Как придумать резюме
4;Как придумать заявку на работу
4;Как придумать анкету
4;Как придумать заявку на должность
4;Как придумать заявку на пост
4;Как придумать анкету сотрудника
4;Как написать резюме
4;Как написать заявку на работу
4;Как написать анкету
4;Как написать заявку на должность
4;Как написать заявку на пост
4;Как написать анкету сотрудника
4;Как набросать резюме
4;Как набросать заявку на работу
4;Как набросать анкету
4;Как набросать заявку на должность
4;Как набросать заявку на пост
4;Как набросать анкету сотрудника
4;Как оформить резюме
4;Как оформить заявку на работу
4;Как оформить анкету
4;Как оформить заявку на должность
4;Как оформить заявку на пост
4;Как оформить анкету сотрудника
4;Как направить резюме
4;Как направить заявку на работу
4;Как направить анкету
4;Как направить заявку на должность
4;Как направить заявку на пост
4;Как направить анкету сотрудника
4;Как набрать резюме
4;Как набрать заявку на работу
4;Как набрать анкету
4;Как набрать заявку на должность
4;Как набрать заявку на пост
4;Как набрать анкету сотрудника
4;Желаю подать резюме
4;Желаю подать заявку на работу
4;Желаю подать анкету
4;Желаю подать заявку на должность
4;Желаю подать заявку на пост
4;Желаю подать анкету сотрудника
4;Желаю оставить резюме
4;Желаю оставить заявку на работу
4;Желаю оставить анкету
4;Желаю оставить заявку на должность
4;Желаю оставить заявку на пост
4;Желаю оставить анкету сотрудника
4;Желаю заполнить резюме
4;Желаю заполнить заявку на работу
4;Желаю заполнить анкету
4;Желаю заполнить заявку на должность
4;Желаю заполнить заявку на пост
4;Желаю заполнить анкету сотрудника
4;Желаю составить резюме
4;Желаю составить заявку на работу
4;Желаю составить анкету
4;Желаю составить заявку на должность
4;Желаю составить заявку на пост
4;Желаю составить анкету сотрудника
4;Желаю придумать резюме
4;Желаю придумать заявку на работу
4;Желаю придумать анкету
4;Желаю придумать заявку на должность
4;Желаю придумать заявку на пост
4;Желаю придумать анкету сотрудника
4;Желаю написать резюме
4;Желаю написать заявку на работу
4;Желаю написать анкету
4;Желаю написать заявку на должность
4;Желаю написать заявку на пост
4;Желаю написать анкету сотрудника
4;Желаю набросать резюме
4;Желаю набросать заявку на работу
4;Желаю набросать анкету
4;Желаю набросать заявку на должность
4;Желаю набросать заявку на пост
4;Желаю набросать анкету сотрудника
4;Желаю оформить резюме
4;Желаю оформить заявку на работу
4;Желаю оформить анкету
4;Желаю оформить заявку на должность
4;Желаю оформить заявку на пост
4;Желаю оформить анкету сотрудника
4;Желаю направить резюме
4;Желаю направить заявку на работу
4;Желаю направить анкету
4;Желаю направить заявку на должность
4;Желаю направить заявку на пост
4;Желаю направить анкету сотрудника
4;Желаю набрать резюме
4;Желаю набрать заявку на работу
4;Желаю набрать анкету
4;Желаю набрать заявку на должность
4;Желаю набрать заявку на пост
4;Желаю набрать анкету сотрудника
4;Хочу правильно подать резюме
4;Хочу правильно подать заявку на работу
4;Хочу правильно подать анкету
4;Хочу правильно подать заявку на должность
4;Хочу правильно подать заявку на пост
4;Хочу правильно подать анкету сотрудника
4;Хочу правильно оставить резюме
4;Хочу правильно оставить заявку на работу
4;Хочу правильно оставить анкету
4;Хочу правильно оставить заявку на должность
4;Хочу правильно оставить заявку на пост
4;Хочу правильно оставить анкету сотрудника
4;Хочу правильно заполнить резюме
4;Хочу правильно заполнить заявку на работу
4;Хочу правильно заполнить анкету
4;Хочу правильно заполнить заявку на должность
4;Хочу правильно заполнить заявку на пост
4;Хочу правильно заполнить анкету сотрудника
4;Хочу правильно составить резюме
4;Хочу правильно составить заявку на работу
4;Хочу правильно составить анкету
4;Хочу правильно составить заявку на должность
4;Хочу правильно составить заявку на пост
4;Хочу правильно составить анкету сотрудника
4;Хочу правильно придумать резюме
4;Хочу правильно придумать заявку на работу
4;Хочу правильно придумать анкету
4;Хочу правильно придумать заявку на должность
4;Хочу правильно придумать заявку на пост
4;Хочу правильно придумать анкету сотрудника
4;Хочу правильно написать резюме
4;Хочу правильно написать заявку на работу
4;Хочу правильно написать анкету
4;Хочу правильно написать заявку на должность
4;Хочу правильно написать заявку на пост
4;Хочу правильно написать анкету сотрудника
4;Хочу правильно набросать резюме
4;Хочу правильно набросать заявку на работу
4;Хочу правильно набросать анкету
4;Хочу правильно набросать заявку на должность
4;Хочу правильно набросать заявку на пост
4;Хочу правильно набросать анкету сотрудника
4;Хочу правильно оформить резюме
4;Хочу правильно оформить заявку на работу
4;Хочу правильно оформить анкету
4;Хочу правильно оформить заявку на должность
4;Хочу правильно оформить заявку на пост
4;Хочу правильно оформить анкету сотрудника
4;Хочу правильно направить резюме
4;Хочу правильно направить заявку на работу
4;Хочу правильно направить анкету
4;Хочу правильно направить заявку на должность
4;Хочу правильно направить заявку на пост
4;Хочу правильно направить анкету сотрудника
4;Хочу правильно набрать резюме
4;Хочу правильно набрать заявку на работу
4;Хочу правильно набрать анкету
4;Хочу правильно набрать заявку на должность
4;Хочу правильно набрать заявку на пост
4;Хочу правильно набрать анкету сотрудника
4;Хочу точно подать резюме
4;Хочу точно подать заявку на работу
4;Хочу точно подать анкету
4;Хочу точно подать заявку на должность
4;Хочу точно подать заявку на пост
4;Хочу точно подать анкету сотрудника
4;Хочу точно оставить резюме
4;Хочу точно оставить заявку на работу
4;Хочу точно оставить анкету
4;Хочу точно оставить заявку на должность
4;Хочу точно оставить заявку на пост
4;Хочу точно оставить анкету сотрудника
4;Хочу точно заполнить резюме
4;Хочу точно заполнить заявку на работу
4;Хочу точно заполнить анкету
4;Хочу точно заполнить заявку на должность
4;Хочу точно заполнить заявку на пост
4;Хочу точно заполнить анкету сотрудника
4;Хочу точно составить резюме
4;Хочу точно составить заявку на работу
4;Хочу точно составить анкету
4;Хочу точно составить заявку на должность
4;Хочу точно составить заявку на пост
4;Хочу точно составить анкету сотрудника
4;Хочу точно придумать резюме
4;Хочу точно придумать заявку на работу
4;Хочу точно придумать анкету
4;Хочу точно придумать заявку на должность
4;Хочу точно придумать заявку на пост
4;Хочу точно придумать анкету сотрудника
4;Хочу точно написать резюме
4;Хочу точно написать заявку на работу
4;Хочу точно написать анкету
4;Хочу точно написать заявку на должность
4;Хочу точно написать заявку на пост
4;Хочу точно написать анкету сотрудника
4;Хочу точно набросать резюме
4;Хочу точно набросать заявку на работу
4;Хочу точно набросать анкету
4;Хочу точно набросать заявку на должность
4;Хочу точно набросать заявку на пост
4;Хочу точно набросать анкету сотрудника
4;Хочу точно оформить резюме
4;Хочу точно оформить заявку на работу
4;Хочу точно оформить анкету
4;Хочу точно оформить заявку на должность
4;Хочу точно оформить заявку на пост
4;Хочу точно оформить анкету сотрудника
4;Хочу точно направить резюме
4;Хочу точно направить заявку на работу
4;Хочу точно направить анкету
4;Хочу точно направить заявку на должность
4;Хочу точно направить заявку на пост
4;Хочу точно направить анкету сотрудника
4;Хочу точно набрать резюме
4;Хочу точно набрать заявку на работу
4;Хочу точно набрать анкету
4;Хочу точно набрать заявку на должность
4;Хочу точно набрать заявку на пост
4;Хочу точно набрать анкету сотрудника
4;Хочу быстро подать резюме
4;Хочу быстро подать заявку на работу
4;Хочу быстро подать анкету
4;Хочу быстро подать заявку на должность
4;Хочу быстро подать заявку на пост
4;Хочу быстро подать анкету сотрудника
4;Хочу быстро оставить резюме
4;Хочу быстро оставить заявку на работу
4;Хочу быстро оставить анкету
4;Хочу быстро оставить заявку на должность
4;Хочу быстро оставить заявку на пост
4;Хочу быстро оставить анкету сотрудника
4;Хочу быстро заполнить резюме
4;Хочу быстро заполнить заявку на работу
4;Хочу быстро заполнить анкету
4;Хочу быстро заполнить заявку на должность
4;Хочу быстро заполнить заявку на пост
4;Хочу быстро заполнить анкету сотрудника
4;Хочу быстро составить резюме
4;Хочу быстро составить заявку на работу
4;Хочу быстро составить анкету
4;Хочу быстро составить заявку на должность
4;Хочу быстро составить заявку на пост
4;Хочу быстро составить анкету сотрудника
4;Хочу быстро придумать резюме
4;Хочу быстро придумать заявку на работу
4;Хочу быстро придумать анкету
4;Хочу быстро придумать заявку на должность
4;Хочу быстро придумать заявку на пост
4;Хочу быстро придумать анкету сотрудника
4;Хочу быстро написать резюме
4;Хочу быстро написать заявку на работу
4;Хочу быстро написать анкету
4;Хочу быстро написать заявку на должность
4;Хочу быстро написать заявку на пост
4;Хочу быстро написать анкету сотрудника
4;Хочу быстро набросать резюме
4;Хочу быстро набросать заявку на работу
4;Хочу быстро набросать анкету
4;Хочу быстро набросать заявку на должность
4;Хочу быстро набросать заявку на пост
4;Хочу быстро набросать анкету сотрудника
4;Хочу быстро оформить резюме
4;Хочу быстро оформить заявку на работу
4;Хочу быстро оформить анкету
4;Хочу быстро оформить заявку на должность
4;Хочу быстро оформить заявку на пост
4;Хочу быстро оформить анкету сотрудника
4;Хочу быстро направить резюме
4;Хочу быстро направить заявку на работу
4;Хочу быстро направить анкету
4;Хочу быстро направить заявку на должность
4;Хочу быстро направить заявку на пост
4;Хочу быстро направить анкету сотрудника
4;Хочу быстро набрать резюме
4;Хочу быстро набрать заявку на работу
4;Хочу быстро набрать анкету
4;Хочу быстро набрать заявку на должность
4;Хочу быстро набрать заявку на пост
4;Хочу быстро набрать анкету сотрудника
4;Хочу через тебя подать резюме
4;Хочу через тебя подать заявку на работу
4;Хочу через тебя подать анкету
4;Хочу через тебя подать заявку на должность
4;Хочу через тебя подать заявку на пост
4;Хочу через тебя подать анкету сотрудника
4;Хочу через тебя оставить резюме
4;Хочу через тебя оставить заявку на работу
4;Хочу через тебя оставить анкету
4;Хочу через тебя оставить заявку на должность
4;Хочу через тебя оставить заявку на пост
4;Хочу через тебя оставить анкету сотрудника
4;Хочу через тебя заполнить резюме
4;Хочу через тебя заполнить заявку на работу
4;Хочу через тебя заполнить анкету
4;Хочу через тебя заполнить заявку на должность
4;Хочу через тебя заполнить заявку на пост
4;Хочу через тебя заполнить анкету сотрудника
4;Хочу через тебя составить резюме
4;Хочу через тебя составить заявку на работу
4;Хочу через тебя составить анкету
4;Хочу через тебя составить заявку на должность
4;Хочу через тебя составить заявку на пост
4;Хочу через тебя составить анкету сотрудника
4;Хочу через тебя придумать резюме
4;Хочу через тебя придумать заявку на работу
4;Хочу через тебя придумать анкету
4;Хочу через тебя придумать заявку на должность
4;Хочу через тебя придумать заявку на пост
4;Хочу через тебя придумать анкету сотрудника
4;Хочу через тебя написать резюме
4;Хочу через тебя написать заявку на работу
4;Хочу через тебя написать анкету
4;Хочу через тебя написать заявку на должность
4;Хочу через тебя написать заявку на пост
4;Хочу через тебя написать анкету сотрудника
4;Хочу через тебя набросать резюме
4;Хочу через тебя набросать заявку на работу
4;Хочу через тебя набросать анкету
4;Хочу через тебя набросать заявку на должность
4;Хочу через тебя набросать заявку на пост
4;Хочу через тебя набросать анкету сотрудника
4;Хочу через тебя оформить резюме
4;Хочу через тебя оформить заявку на работу
4;Хочу через тебя оформить анкету
4;Хочу через тебя оформить заявку на должность
4;Хочу через тебя оформить заявку на пост
4;Хочу через тебя оформить анкету сотрудника
4;Хочу через тебя направить резюме
4;Хочу через тебя направить заявку на работу
4;Хочу через тебя направить анкету
4;Хочу через тебя направить заявку на должность
4;Хочу через тебя направить заявку на пост
4;Хочу через тебя направить анкету сотрудника
4;Хочу через тебя набрать резюме
4;Хочу через тебя набрать заявку на работу
4;Хочу через тебя набрать анкету
4;Хочу через тебя набрать заявку на должность
4;Хочу через тебя набрать заявку на пост
4;Хочу через тебя набрать анкету сотрудника
4;Как я могу правильно подать резюме
4;Как я могу правильно подать заявку на работу
4;Как я могу правильно подать анкету
4;Как я могу правильно подать заявку на должность
4;Как я могу правильно подать заявку на пост
4;Как я могу правильно подать анкету сотрудника
4;Как я могу правильно оставить резюме
4;Как я могу правильно оставить заявку на работу
4;Как я могу правильно оставить анкету
4;Как я могу правильно оставить заявку на должность
4;Как я могу правильно оставить заявку на пост
4;Как я могу правильно оставить анкету сотрудника
4;Как я могу правильно заполнить резюме
4;Как я могу правильно заполнить заявку на работу
4;Как я могу правильно заполнить анкету
4;Как я могу правильно заполнить заявку на должность
4;Как я могу правильно заполнить заявку на пост
4;Как я могу правильно заполнить анкету сотрудника
4;Как я могу правильно составить резюме
4;Как я могу правильно составить заявку на работу
4;Как я могу правильно составить анкету
4;Как я могу правильно составить заявку на должность
4;Как я могу правильно составить заявку на пост
4;Как я могу правильно составить анкету сотрудника
4;Как я могу правильно придумать резюме
4;Как я могу правильно придумать заявку на работу
4;Как я могу правильно придумать анкету
4;Как я могу правильно придумать заявку на должность
4;Как я могу правильно придумать заявку на пост
4;Как я могу правильно придумать анкету сотрудника
4;Как я могу правильно написать резюме
4;Как я могу правильно написать заявку на работу
4;Как я могу правильно написать анкету
4;Как я могу правильно написать заявку на должность
4;Как я могу правильно написать заявку на пост
4;Как я могу правильно написать анкету сотрудника
4;Как я могу правильно набросать резюме
4;Как я могу правильно набросать заявку на работу
4;Как я могу правильно набросать анкету
4;Как я могу правильно набросать заявку на должность
4;Как я могу правильно набросать заявку на пост
4;Как я могу правильно набросать анкету сотрудника
4;Как я могу правильно оформить резюме
4;Как я могу правильно оформить заявку на работу
4;Как я могу правильно оформить анкету
4;Как я могу правильно оформить заявку на должность
4;Как я могу правильно оформить заявку на пост
4;Как я могу правильно оформить анкету сотрудника
4;Как я могу правильно направить резюме
4;Как я могу правильно направить заявку на работу
4;Как я могу правильно направить анкету
4;Как я могу правильно направить заявку на должность
4;Как я могу правильно направить заявку на пост
4;Как я могу правильно направить анкету сотрудника
4;Как я могу правильно набрать резюме
4;Как я могу правильно набрать заявку на работу
4;Как я могу правильно набрать анкету
4;Как я могу правильно набрать заявку на должность
4;Как я могу правильно набрать заявку на пост
4;Как я могу правильно набрать анкету сотрудника
4;Как я могу точно подать резюме
4;Как я могу точно подать заявку на работу
4;Как я могу точно подать анкету
4;Как я могу точно подать заявку на должность
4;Как я могу точно подать заявку на пост
4;Как я могу точно подать анкету сотрудника
4;Как я могу точно оставить резюме
4;Как я могу точно оставить заявку на работу
4;Как я могу точно оставить анкету
4;Как я могу точно оставить заявку на должность
4;Как я могу точно оставить заявку на пост
4;Как я могу точно оставить анкету сотрудника
4;Как я могу точно заполнить резюме
4;Как я могу точно заполнить заявку на работу
4;Как я могу точно заполнить анкету
4;Как я могу точно заполнить заявку на должность
4;Как я могу точно заполнить заявку на пост
4;Как я могу точно заполнить анкету сотрудника
4;Как я могу точно составить резюме
4;Как я могу точно составить заявку на работу
4;Как я могу точно составить анкету
4;Как я могу точно составить заявку на должность
4;Как я могу точно составить заявку на пост
4;Как я могу точно составить анкету сотрудника
4;Как я могу точно придумать резюме
4;Как я могу точно придумать заявку на работу
4;Как я могу точно придумать анкету
4;Как я могу точно придумать заявку на должность
4;Как я могу точно придумать заявку на пост
4;Как я могу точно придумать анкету сотрудника
4;Как я могу точно написать резюме
4;Как я могу точно написать заявку на работу
4;Как я могу точно написать анкету
4;Как я могу точно написать заявку на должность
4;Как я могу точно написать заявку на пост
4;Как я могу точно написать анкету сотрудника
4;Как я могу точно набросать резюме
4;Как я могу точно набросать заявку на работу
4;Как я могу точно набросать анкету
4;Как я могу точно набросать заявку на должность
4;Как я могу точно набросать заявку на пост
4;Как я могу точно набросать анкету сотрудника
4;Как я могу точно оформить резюме
4;Как я могу точно оформить заявку на работу
4;Как я могу точно оформить анкету
4;Как я могу точно оформить заявку на должность
4;Как я могу точно оформить заявку на пост
4;Как я могу точно оформить анкету сотрудника
4;Как я могу точно направить резюме
4;Как я могу точно направить заявку на работу
4;Как я могу точно направить анкету
4;Как я могу точно направить заявку на должность
4;Как я могу точно направить заявку на пост
4;Как я могу точно направить анкету сотрудника
4;Как я могу точно набрать резюме
4;Как я могу точно набрать заявку на работу
4;Как я могу точно набрать анкету
4;Как я могу точно набрать заявку на должность
4;Как я могу точно набрать заявку на пост
4;Как я могу точно набрать анкету сотрудника
4;Как я могу быстро подать резюме
4;Как я могу быстро подать заявку на работу
4;Как я могу быстро подать анкету
4;Как я могу быстро подать заявку на должность
4;Как я могу быстро подать заявку на пост
4;Как я могу быстро подать анкету сотрудника
4;Как я могу быстро оставить резюме
4;Как я могу быстро оставить заявку на работу
4;Как я могу быстро оставить анкету
4;Как я могу быстро оставить заявку на должность
4;Как я могу быстро оставить заявку на пост
4;Как я могу быстро оставить анкету сотрудника
4;Как я могу быстро заполнить резюме
4;Как я могу быстро заполнить заявку на работу
4;Как я могу быстро заполнить анкету
4;Как я могу быстро заполнить заявку на должность
4;Как я могу быстро заполнить заявку на пост
4;Как я могу быстро заполнить анкету сотрудника
4;Как я могу быстро составить резюме
4;Как я могу быстро составить заявку на работу
4;Как я могу быстро составить анкету
4;Как я могу быстро составить заявку на должность
4;Как я могу быстро составить заявку на пост
4;Как я могу быстро составить анкету сотрудника
4;Как я могу быстро придумать резюме
4;Как я могу быстро придумать заявку на работу
4;Как я могу быстро придумать анкету
4;Как я могу быстро придумать заявку на должность
4;Как я могу быстро придумать заявку на пост
4;Как я могу быстро придумать анкету сотрудника
4;Как я могу быстро написать резюме
4;Как я могу быстро написать заявку на работу
4;Как я могу быстро написать анкету
4;Как я могу быстро написать заявку на должность
4;Как я могу быстро написать заявку на пост
4;Как я могу быстро написать анкету сотрудника
4;Как я могу быстро набросать резюме
4;Как я могу быстро набросать заявку на работу
4;Как я могу быстро набросать анкету
4;Как я могу быстро набросать заявку на должность
4;Как я могу быстро набросать заявку на пост
4;Как я могу быстро набросать анкету сотрудника
4;Как я могу быстро оформить резюме
4;Как я могу быстро оформить заявку на работу
4;Как я могу быстро оформить анкету
4;Как я могу быстро оформить заявку на должность
4;Как я могу быстро оформить заявку на пост
4;Как я могу быстро оформить анкету сотрудника
4;Как я могу быстро направить резюме
4;Как я могу быстро направить заявку на работу
4;Как я могу быстро направить анкету
4;Как я могу быстро направить заявку на должность
4;Как я могу быстро направить заявку на пост
4;Как я могу быстро направить анкету сотрудника
4;Как я могу быстро набрать резюме
4;Как я могу быстро набрать заявку на работу
4;Как я могу быстро набрать анкету
4;Как я могу быстро набрать заявку на должность
4;Как я могу быстро набрать заявку на пост
4;Как я могу быстро набрать анкету сотрудника
4;Как я могу через тебя подать резюме
4;Как я могу через тебя подать заявку на работу
4;Как я могу через тебя подать анкету
4;Как я могу через тебя подать заявку на должность
4;Как я могу через тебя подать заявку на пост
4;Как я могу через тебя подать анкету сотрудника
4;Как я могу через тебя оставить резюме
4;Как я могу через тебя оставить заявку на работу
4;Как я могу через тебя оставить анкету
4;Как я могу через тебя оставить заявку на должность
4;Как я могу через тебя оставить заявку на пост
4;Как я могу через тебя оставить анкету сотрудника
4;Как я могу через тебя заполнить резюме
4;Как я могу через тебя заполнить заявку на работу
4;Как я могу через тебя заполнить анкету
4;Как я могу через тебя заполнить заявку на должность
4;Как я могу через тебя заполнить заявку на пост
4;Как я могу через тебя заполнить анкету сотрудника
4;Как я могу через тебя составить резюме
4;Как я могу через тебя составить заявку на работу
4;Как я могу через тебя составить анкету
4;Как я могу через тебя составить заявку на должность
4;Как я могу через тебя составить заявку на пост
4;Как я могу через тебя составить анкету сотрудника
4;Как я могу через тебя придумать резюме
4;Как я могу через тебя придумать заявку на работу
4;Как я могу через тебя придумать анкету
4;Как я могу через тебя придумать заявку на должность
4;Как я могу через тебя придумать заявку на пост
4;Как я могу через тебя придумать анкету сотрудника
4;Как я могу через тебя написать резюме
4;Как я могу через тебя написать заявку на работу
4;Как я могу через тебя написать анкету
4;Как я могу через тебя написать заявку на должность
4;Как я могу через тебя написать заявку на пост
4;Как я могу через тебя написать анкету сотрудника
4;Как я могу через тебя набросать резюме
4;Как я могу через тебя набросать заявку на работу
4;Как я могу через тебя набросать анкету
4;Как я могу через тебя набросать заявку на должность
4;Как я могу через тебя набросать заявку на пост
4;Как я могу через тебя набросать анкету сотрудника
4;Как я могу через тебя оформить резюме
4;Как я могу через тебя оформить заявку на работу
4;Как я могу через тебя оформить анкету
4;Как я могу через тебя оформить заявку на должность
4;Как я могу через тебя оформить заявку на пост
4;Как я могу через тебя оформить анкету сотрудника
4;Как я могу через тебя направить резюме
4;Как я могу через тебя направить заявку на работу
4;Как я могу через тебя направить анкету
4;Как я могу через тебя направить заявку на должность
4;Как я могу через тебя направить заявку на пост
4;Как я могу через тебя направить анкету сотрудника
4;Как я могу через тебя набрать резюме
4;Как я могу через тебя набрать заявку на работу
4;Как я могу через тебя набрать анкету
4;Как я могу через тебя набрать заявку на должность
4;Как я могу через тебя набрать заявку на пост
4;Как я могу через тебя набрать анкету сотрудника
4;Помоги правильно подать резюме
4;Помоги правильно подать заявку на работу
4;Помоги правильно подать анкету
4;Помоги правильно подать заявку на должность
4;Помоги правильно подать заявку на пост
4;Помоги правильно подать анкету сотрудника
4;Помоги правильно оставить резюме
4;Помоги правильно оставить заявку на работу
4;Помоги правильно оставить анкету
4;Помоги правильно оставить заявку на должность
4;Помоги правильно оставить заявку на пост
4;Помоги правильно оставить анкету сотрудника
4;Помоги правильно заполнить резюме
4;Помоги правильно заполнить заявку на работу
4;Помоги правильно заполнить анкету
4;Помоги правильно заполнить заявку на должность
4;Помоги правильно заполнить заявку на пост
4;Помоги правильно заполнить анкету сотрудника
4;Помоги правильно составить резюме
4;Помоги правильно составить заявку на работу
4;Помоги правильно составить анкету
4;Помоги правильно составить заявку на должность
4;Помоги правильно составить заявку на пост
4;Помоги правильно составить анкету сотрудника
4;Помоги правильно придумать резюме
4;Помоги правильно придумать заявку на работу
4;Помоги правильно придумать анкету
4;Помоги правильно придумать заявку на должность
4;Помоги правильно придумать заявку на пост
4;Помоги правильно придумать анкету сотрудника
4;Помоги правильно написать резюме
4;Помоги правильно написать заявку на работу
4;Помоги правильно написать анкету
4;Помоги правильно написать заявку на должность
4;Помоги правильно написать заявку на пост
4;Помоги правильно написать анкету сотрудника
4;Помоги правильно набросать резюме
4;Помоги правильно набросать заявку на работу
4;Помоги правильно набросать анкету
4;Помоги правильно набросать заявку на должность
4;Помоги правильно набросать заявку на пост
4;Помоги правильно набросать анкету сотрудника
4;Помоги правильно оформить резюме
4;Помоги правильно оформить заявку на работу
4;Помоги правильно оформить анкету
4;Помоги правильно оформить заявку на должность
4;Помоги правильно оформить заявку на пост
4;Помоги правильно оформить анкету сотрудника
4;Помоги правильно направить резюме
4;Помоги правильно направить заявку на работу
4;Помоги правильно направить анкету
4;Помоги правильно направить заявку на должность
4;Помоги правильно направить заявку на пост
4;Помоги правильно направить анкету сотрудника
4;Помоги правильно набрать резюме
4;Помоги правильно набрать заявку на работу
4;Помоги правильно набрать анкету
4;Помоги правильно набрать заявку на должность
4;Помоги правильно набрать заявку на пост
4;Помоги правильно набрать анкету сотрудника
4;Помоги точно подать резюме
4;Помоги точно подать заявку на работу
4;Помоги точно подать анкету
4;Помоги точно подать заявку на должность
4;Помоги точно подать заявку на пост
4;Помоги точно подать анкету сотрудника
4;Помоги точно оставить резюме
4;Помоги точно оставить заявку на работу
4;Помоги точно оставить анкету
4;Помоги точно оставить заявку на должность
4;Помоги точно оставить заявку на пост
4;Помоги точно оставить анкету сотрудника
4;Помоги точно заполнить резюме
4;Помоги точно заполнить заявку на работу
4;Помоги точно заполнить анкету
4;Помоги точно заполнить заявку на должность
4;Помоги точно заполнить заявку на пост
4;Помоги точно заполнить анкету сотрудника
4;Помоги точно составить резюме
4;Помоги точно составить заявку на работу
4;Помоги точно составить анкету
4;Помоги точно составить заявку на должность
4;Помоги точно составить заявку на пост
4;Помоги точно составить анкету сотрудника
4;Помоги точно придумать резюме
4;Помоги точно придумать заявку на работу
4;Помоги точно придумать анкету
4;Помоги точно придумать заявку на должность
4;Помоги точно придумать заявку на пост
4;Помоги точно придумать анкету сотрудника
4;Помоги точно написать резюме
4;Помоги точно написать заявку на работу
4;Помоги точно написать анкету
4;Помоги точно написать заявку на должность
4;Помоги точно написать заявку на пост
4;Помоги точно написать анкету сотрудника
4;Помоги точно набросать резюме
4;Помоги точно набросать заявку на работу
4;Помоги точно набросать анкету
4;Помоги точно набросать заявку на должность
4;Помоги точно набросать заявку на пост
4;Помоги точно набросать анкету сотрудника
4;Помоги точно оформить резюме
4;Помоги точно оформить заявку на работу
4;Помоги точно оформить анкету
4;Помоги точно оформить заявку на должность
4;Помоги точно оформить заявку на пост
4;Помоги точно оформить анкету сотрудника
4;Помоги точно направить резюме
4;Помоги точно направить заявку на работу
4;Помоги точно направить анкету
4;Помоги точно направить заявку на должность
4;Помоги точно направить заявку на пост
4;Помоги точно направить анкету сотрудника
4;Помоги точно набрать резюме
4;Помоги точно набрать заявку на работу
4;Помоги точно набрать анкету
4;Помоги точно набрать заявку на должность
4;Помоги точно набрать заявку на пост
4;Помоги точно набрать анкету сотрудника
4;Помоги быстро подать резюме
4;Помоги быстро подать заявку на работу
4;Помоги быстро подать анкету
4;Помоги быстро подать заявку на должность
4;Помоги быстро подать заявку на пост
4;Помоги быстро подать анкету сотрудника
4;Помоги быстро оставить резюме
4;Помоги быстро оставить заявку на работу
4;Помоги быстро оставить анкету
4;Помоги быстро оставить заявку на должность
4;Помоги быстро оставить заявку на пост
4;Помоги быстро оставить анкету сотрудника
4;Помоги быстро заполнить резюме
4;Помоги быстро заполнить заявку на работу
4;Помоги быстро заполнить анкету
4;Помоги быстро заполнить заявку на должность
4;Помоги быстро заполнить заявку на пост
4;Помоги быстро заполнить анкету сотрудника
4;Помоги быстро составить резюме
4;Помоги быстро составить заявку на работу
4;Помоги быстро составить анкету
4;Помоги быстро составить заявку на должность
4;Помоги быстро составить заявку на пост
4;Помоги быстро составить анкету сотрудника
4;Помоги быстро придумать резюме
4;Помоги быстро придумать заявку на работу
4;Помоги быстро придумать анкету
4;Помоги быстро придумать заявку на должность
4;Помоги быстро придумать заявку на пост
4;Помоги быстро придумать анкету сотрудника
4;Помоги быстро написать резюме
4;Помоги быстро написать заявку на работу
4;Помоги быстро написать анкету
4;Помоги быстро написать заявку на должность
4;Помоги быстро написать заявку на пост
4;Помоги быстро написать анкету сотрудника
4;Помоги быстро набросать резюме
4;Помоги быстро набросать заявку на работу
4;Помоги быстро набросать анкету
4;Помоги быстро набросать заявку на должность
4;Помоги быстро набросать заявку на пост
4;Помоги быстро набросать анкету сотрудника
4;Помоги быстро оформить резюме
4;Помоги быстро оформить заявку на работу
4;Помоги быстро оформить анкету
4;Помоги быстро оформить заявку на должность
4;Помоги быстро оформить заявку на пост
4;Помоги быстро оформить анкету сотрудника
4;Помоги быстро направить резюме
4;Помоги быстро направить заявку на работу
4;Помоги быстро направить анкету
4;Помоги быстро направить заявку на должность
4;Помоги быстро направить заявку на пост
4;Помоги быстро направить анкету сотрудника
4;Помоги быстро набрать резюме
4;Помоги быстро набрать заявку на работу
4;Помоги быстро набрать анкету
4;Помоги быстро набрать заявку на должность
4;Помоги быстро набрать заявку на пост
4;Помоги быстро набрать анкету сотрудника
4;Помоги через тебя подать резюме
4;Помоги через тебя подать заявку на работу
4;Помоги через тебя подать анкету
4;Помоги через тебя подать заявку на должность
4;Помоги через тебя подать заявку на пост
4;Помоги через тебя подать анкету сотрудника
4;Помоги через тебя оставить резюме
4;Помоги через тебя оставить заявку на работу
4;Помоги через тебя оставить анкету
4;Помоги через тебя оставить заявку на должность
4;Помоги через тебя оставить заявку на пост
4;Помоги через тебя оставить анкету сотрудника
4;Помоги через тебя заполнить резюме
4;Помоги через тебя заполнить заявку на работу
4;Помоги через тебя заполнить анкету
4;Помоги через тебя заполнить заявку на должность
4;Помоги через тебя заполнить заявку на пост
4;Помоги через тебя заполнить анкету сотрудника
4;Помоги через тебя составить резюме
4;Помоги через тебя составить заявку на работу
4;Помоги через тебя составить анкету
4;Помоги через тебя составить заявку на должность
4;Помоги через тебя составить заявку на пост
4;Помоги через тебя составить анкету сотрудника
4;Помоги через тебя придумать резюме
4;Помоги через тебя придумать заявку на работу
4;Помоги через тебя придумать анкету
4;Помоги через тебя придумать заявку на должность
4;Помоги через тебя придумать заявку на пост
4;Помоги через тебя придумать анкету сотрудника
4;Помоги через тебя написать резюме
4;Помоги через тебя написать заявку на работу
4;Помоги через тебя написать анкету
4;Помоги через тебя написать заявку на должность
4;Помоги через тебя написать заявку на пост
4;Помоги через тебя написать анкету сотрудника
4;Помоги через тебя набросать резюме
4;Помоги через тебя набросать заявку на работу
4;Помоги через тебя набросать анкету
4;Помоги через тебя набросать заявку на должность
4;Помоги через тебя набросать заявку на пост
4;Помоги через тебя набросать анкету сотрудника
4;Помоги через тебя оформить резюме
4;Помоги через тебя оформить заявку на работу
4;Помоги через тебя оформить анкету
4;Помоги через тебя оформить заявку на должность
4;Помоги через тебя оформить заявку на пост
4;Помоги через тебя оформить анкету сотрудника
4;Помоги через тебя направить резюме
4;Помоги через тебя направить заявку на работу
4;Помоги через тебя направить анкету
4;Помоги через тебя направить заявку на должность
4;Помоги через тебя направить заявку на пост
4;Помоги через тебя направить анкету сотрудника
4;Помоги через тебя набрать резюме
4;Помоги через тебя набрать заявку на работу
4;Помоги через тебя набрать анкету
4;Помоги через тебя набрать заявку на должность
4;Помоги через тебя набрать заявку на пост
4;Помоги через тебя набрать анкету сотрудника
4;Позволь правильно подать резюме
4;Позволь правильно подать заявку на работу
4;Позволь правильно подать анкету
4;Позволь правильно подать заявку на должность
4;Позволь правильно подать заявку на пост
4;Позволь правильно подать анкету сотрудника
4;Позволь правильно оставить резюме
4;Позволь правильно оставить заявку на работу
4;Позволь правильно оставить анкету
4;Позволь правильно оставить заявку на должность
4;Позволь правильно оставить заявку на пост
4;Позволь правильно оставить анкету сотрудника
4;Позволь правильно заполнить резюме
4;Позволь правильно заполнить заявку на работу
4;Позволь правильно заполнить анкету
4;Позволь правильно заполнить заявку на должность
4;Позволь правильно заполнить заявку на пост
4;Позволь правильно заполнить анкету сотрудника
4;Позволь правильно составить резюме
4;Позволь правильно составить заявку на работу
4;Позволь правильно составить анкету
4;Позволь правильно составить заявку на должность
4;Позволь правильно составить заявку на пост
4;Позволь правильно составить анкету сотрудника
4;Позволь правильно придумать резюме
4;Позволь правильно придумать заявку на работу
4;Позволь правильно придумать анкету
4;Позволь правильно придумать заявку на должность
4;Позволь правильно придумать заявку на пост
4;Позволь правильно придумать анкету сотрудника
4;Позволь правильно написать резюме
4;Позволь правильно написать заявку на работу
4;Позволь правильно написать анкету
4;Позволь правильно написать заявку на должность
4;Позволь правильно написать заявку на пост
4;Позволь правильно написать анкету сотрудника
4;Позволь правильно набросать резюме
4;Позволь правильно набросать заявку на работу
4;Позволь правильно набросать анкету
4;Позволь правильно набросать заявку на должность
4;Позволь правильно набросать заявку на пост
4;Позволь правильно набросать анкету сотрудника
4;Позволь правильно оформить резюме
4;Позволь правильно оформить заявку на работу
4;Позволь правильно оформить анкету
4;Позволь правильно оформить заявку на должность
4;Позволь правильно оформить заявку на пост
4;Позволь правильно оформить анкету сотрудника
4;Позволь правильно направить резюме
4;Позволь правильно направить заявку на работу
4;Позволь правильно направить анкету
4;Позволь правильно направить заявку на должность
4;Позволь правильно направить заявку на пост
4;Позволь правильно направить анкету сотрудника
4;Позволь правильно набрать резюме
4;Позволь правильно набрать заявку на работу
4;Позволь правильно набрать анкету
4;Позволь правильно набрать заявку на должность
4;Позволь правильно набрать заявку на пост
4;Позволь правильно набрать анкету сотрудника
4;Позволь точно подать резюме
4;Позволь точно подать заявку на работу
4;Позволь точно подать анкету
4;Позволь точно подать заявку на должность
4;Позволь точно подать заявку на пост
4;Позволь точно подать анкету сотрудника
4;Позволь точно оставить резюме
4;Позволь точно оставить заявку на работу
4;Позволь точно оставить анкету
4;Позволь точно оставить заявку на должность
4;Позволь точно оставить заявку на пост
4;Позволь точно оставить анкету сотрудника
4;Позволь точно заполнить резюме
4;Позволь точно заполнить заявку на работу
4;Позволь точно заполнить анкету
4;Позволь точно заполнить заявку на должность
4;Позволь точно заполнить заявку на пост
4;Позволь точно заполнить анкету сотрудника
4;Позволь точно составить резюме
4;Позволь точно составить заявку на работу
4;Позволь точно составить анкету
4;Позволь точно составить заявку на должность
4;Позволь точно составить заявку на пост
4;Позволь точно составить анкету сотрудника
4;Позволь точно придумать резюме
4;Позволь точно придумать заявку на работу
4;Позволь точно придумать анкету
4;Позволь точно придумать заявку на должность
4;Позволь точно придумать заявку на пост
4;Позволь точно придумать анкету сотрудника
4;Позволь точно написать резюме
4;Позволь точно написать заявку на работу
4;Позволь точно написать анкету
4;Позволь точно написать заявку на должность
4;Позволь точно написать заявку на пост
4;Позволь точно написать анкету сотрудника
4;Позволь точно набросать резюме
4;Позволь точно набросать заявку на работу
4;Позволь точно набросать анкету
4;Позволь точно набросать заявку на должность
4;Позволь точно набросать заявку на пост
4;Позволь точно набросать анкету сотрудника
4;Позволь точно оформить резюме
4;Позволь точно оформить заявку на работу
4;Позволь точно оформить анкету
4;Позволь точно оформить заявку на должность
4;Позволь точно оформить заявку на пост
4;Позволь точно оформить анкету сотрудника
4;Позволь точно направить резюме
4;Позволь точно направить заявку на работу
4;Позволь точно направить анкету
4;Позволь точно направить заявку на должность
4;Позволь точно направить заявку на пост
4;Позволь точно направить анкету сотрудника
4;Позволь точно набрать резюме
4;Позволь точно набрать заявку на работу
4;Позволь точно набрать анкету
4;Позволь точно набрать заявку на должность
4;Позволь точно набрать заявку на пост
4;Позволь точно набрать анкету сотрудника
4;Позволь быстро подать резюме
4;Позволь быстро подать заявку на работу
4;Позволь быстро подать анкету
4;Позволь быстро подать заявку на должность
4;Позволь быстро подать заявку на пост
4;Позволь быстро подать анкету сотрудника
4;Позволь быстро оставить резюме
4;Позволь быстро оставить заявку на работу
4;Позволь быстро оставить анкету
4;Позволь быстро оставить заявку на должность
4;Позволь быстро оставить заявку на пост
4;Позволь быстро оставить анкету сотрудника
4;Позволь быстро заполнить резюме
4;Позволь быстро заполнить заявку на работу
4;Позволь быстро заполнить анкету
4;Позволь быстро заполнить заявку на должность
4;Позволь быстро заполнить заявку на пост
4;Позволь быстро заполнить анкету сотрудника
4;Позволь быстро составить резюме
4;Позволь быстро составить заявку на работу
4;Позволь быстро составить анкету
4;Позволь быстро составить заявку на должность
4;Позволь быстро составить заявку на пост
4;Позволь быстро составить анкету сотрудника
4;Позволь быстро придумать резюме
4;Позволь быстро придумать заявку на работу
4;Позволь быстро придумать анкету
4;Позволь быстро придумать заявку на должность
4;Позволь быстро придумать заявку на пост
4;Позволь быстро придумать анкету сотрудника
4;Позволь быстро написать резюме
4;Позволь быстро написать заявку на работу
4;Позволь быстро написать анкету
4;Позволь быстро написать заявку на должность
4;Позволь быстро написать заявку на пост
4;Позволь быстро написать анкету сотрудника
4;Позволь быстро набросать резюме
4;Позволь быстро набросать заявку на работу
4;Позволь быстро набросать анкету
4;Позволь быстро набросать заявку на должность
4;Позволь быстро набросать заявку на пост
4;Позволь быстро набросать анкету сотрудника
4;Позволь быстро оформить резюме
4;Позволь быстро оформить заявку на работу
4;Позволь быстро оформить анкету
4;Позволь быстро оформить заявку на должность
4;Позволь быстро оформить заявку на пост
4;Позволь быстро оформить анкету сотрудника
4;Позволь быстро направить резюме
4;Позволь быстро направить заявку на работу
4;Позволь быстро направить анкету
4;Позволь быстро направить заявку на должность
4;Позволь быстро направить заявку на пост
4;Позволь быстро направить анкету сотрудника
4;Позволь быстро набрать резюме
4;Позволь быстро набрать заявку на работу
4;Позволь быстро набрать анкету
4;Позволь быстро набрать заявку на должность
4;Позволь быстро набрать заявку на пост
4;Позволь быстро набрать анкету сотрудника
4;Позволь через тебя подать резюме
4;Позволь через тебя подать заявку на работу
4;Позволь через тебя подать анкету
4;Позволь через тебя подать заявку на должность
4;Позволь через тебя подать заявку на пост
4;Позволь через тебя подать анкету сотрудника
4;Позволь через тебя оставить резюме
4;Позволь через тебя оставить заявку на работу
4;Позволь через тебя оставить анкету
4;Позволь через тебя оставить заявку на должность
4;Позволь через тебя оставить заявку на пост
4;Позволь через тебя оставить анкету сотрудника
4;Позволь через тебя заполнить резюме
4;Позволь через тебя заполнить заявку на работу
4;Позволь через тебя заполнить анкету
4;Позволь через тебя заполнить заявку на должность
4;Позволь через тебя заполнить заявку на пост
4;Позволь через тебя заполнить анкету сотрудника
4;Позволь через тебя составить резюме
4;Позволь через тебя составить заявку на работу
4;Позволь через тебя составить анкету
4;Позволь через тебя составить заявку на должность
4;Позволь через тебя составить заявку на пост
4;Позволь через тебя составить анкету сотрудника
4;Позволь через тебя придумать резюме
4;Позволь через тебя придумать заявку на работу
4;Позволь через тебя придумать анкету
4;Позволь через тебя придумать заявку на должность
4;Позволь через тебя придумать заявку на пост
4;Позволь через тебя придумать анкету сотрудника
4;Позволь через тебя написать резюме
4;Позволь через тебя написать заявку на работу
4;Позволь через тебя написать анкету
4;Позволь через тебя написать заявку на должность
4;Позволь через тебя написать заявку на пост
4;Позволь через тебя написать анкету сотрудника
4;Позволь через тебя набросать резюме
4;Позволь через тебя набросать заявку на работу
4;Позволь через тебя набросать анкету
4;Позволь через тебя набросать заявку на должность
4;Позволь через тебя набросать заявку на пост
4;Позволь через тебя набросать анкету сотрудника
4;Позволь через тебя оформить резюме
4;Позволь через тебя оформить заявку на работу
4;Позволь через тебя оформить анкету
4;Позволь через тебя оформить заявку на должность
4;Позволь через тебя оформить заявку на пост
4;Позволь через тебя оформить анкету сотрудника
4;Позволь через тебя направить резюме
4;Позволь через тебя направить заявку на работу
4;Позволь через тебя направить анкету
4;Позволь через тебя направить заявку на должность
4;Позволь через тебя направить заявку на пост
4;Позволь через тебя направить анкету сотрудника
4;Позволь через тебя набрать резюме
4;Позволь через тебя набрать заявку на работу
4;Позволь через тебя набрать анкету
4;Позволь через тебя набрать заявку на должность
4;Позволь через тебя набрать заявку на пост
4;Позволь через тебя набрать анкету сотрудника
4;Как правильно подать резюме
4;Как правильно подать заявку на работу
4;Как правильно подать анкету
4;Как правильно подать заявку на должность
4;Как правильно подать заявку на пост
4;Как правильно подать анкету сотрудника
4;Как правильно оставить резюме
4;Как правильно оставить заявку на работу
4;Как правильно оставить анкету
4;Как правильно оставить заявку на должность
4;Как правильно оставить заявку на пост
4;Как правильно оставить анкету сотрудника
4;Как правильно заполнить резюме
4;Как правильно заполнить заявку на работу
4;Как правильно заполнить анкету
4;Как правильно заполнить заявку на должность
4;Как правильно заполнить заявку на пост
4;Как правильно заполнить анкету сотрудника
4;Как правильно составить резюме
4;Как правильно составить заявку на работу
4;Как правильно составить анкету
4;Как правильно составить заявку на должность
4;Как правильно составить заявку на пост
4;Как правильно составить анкету сотрудника
4;Как правильно придумать резюме
4;Как правильно придумать заявку на работу
4;Как правильно придумать анкету
4;Как правильно придумать заявку на должность
4;Как правильно придумать заявку на пост
4;Как правильно придумать анкету сотрудника
4;Как правильно написать резюме
4;Как правильно написать заявку на работу
4;Как правильно написать анкету
4;Как правильно написать заявку на должность
4;Как правильно написать заявку на пост
4;Как правильно написать анкету сотрудника
4;Как правильно набросать резюме
4;Как правильно набросать заявку на работу
4;Как правильно набросать анкету
4;Как правильно набросать заявку на должность
4;Как правильно набросать заявку на пост
4;Как правильно набросать анкету сотрудника
4;Как правильно оформить резюме
4;Как правильно оформить заявку на работу
4;Как правильно оформить анкету
4;Как правильно оформить заявку на должность
4;Как правильно оформить заявку на пост
4;Как правильно оформить анкету сотрудника
4;Как правильно направить резюме
4;Как правильно направить заявку на работу
4;Как правильно направить анкету
4;Как правильно направить заявку на должность
4;Как правильно направить заявку на пост
4;Как правильно направить анкету сотрудника
4;Как правильно набрать резюме
4;Как правильно набрать заявку на работу
4;Как правильно набрать анкету
4;Как правильно набрать заявку на должность
4;Как правильно набрать заявку на пост
4;Как правильно набрать анкету сотрудника
4;Как точно подать резюме
4;Как точно подать заявку на работу
4;Как точно подать анкету
4;Как точно подать заявку на должность
4;Как точно подать заявку на пост
4;Как точно подать анкету сотрудника
4;Как точно оставить резюме
4;Как точно оставить заявку на работу
4;Как точно оставить анкету
4;Как точно оставить заявку на должность
4;Как точно оставить заявку на пост
4;Как точно оставить анкету сотрудника
4;Как точно заполнить резюме
4;Как точно заполнить заявку на работу
4;Как точно заполнить анкету
4;Как точно заполнить заявку на должность
4;Как точно заполнить заявку на пост
4;Как точно заполнить анкету сотрудника
4;Как точно составить резюме
4;Как точно составить заявку на работу
4;Как точно составить анкету
4;Как точно составить заявку на должность
4;Как точно составить заявку на пост
4;Как точно составить анкету сотрудника
4;Как точно придумать резюме
4;Как точно придумать заявку на работу
4;Как точно придумать анкету
4;Как точно придумать заявку на должность
4;Как точно придумать заявку на пост
4;Как точно придумать анкету сотрудника
4;Как точно написать резюме
4;Как точно написать заявку на работу
4;Как точно написать анкету
4;Как точно написать заявку на должность
4;Как точно написать заявку на пост
4;Как точно написать анкету сотрудника
4;Как точно набросать резюме
4;Как точно набросать заявку на работу
4;Как точно набросать анкету
4;Как точно набросать заявку на должность
4;Как точно набросать заявку на пост
4;Как точно набросать анкету сотрудника
4;Как точно оформить резюме
4;Как точно оформить заявку на работу
4;Как точно оформить анкету
4;Как точно оформить заявку на должность
4;Как точно оформить заявку на пост
4;Как точно оформить анкету сотрудника
4;Как точно направить резюме
4;Как точно направить заявку на работу
4;Как точно направить анкету
4;Как точно направить заявку на должность
4;Как точно направить заявку на пост
4;Как точно направить анкету сотрудника
4;Как точно набрать резюме
4;Как точно набрать заявку на работу
4;Как точно набрать анкету
4;Как точно набрать заявку на должность
4;Как точно набрать заявку на пост
4;Как точно набрать анкету сотрудника
4;Как быстро подать резюме
4;Как быстро подать заявку на работу
4;Как быстро подать анкету
4;Как быстро подать заявку на должность
4;Как быстро подать заявку на пост
4;Как быстро подать анкету сотрудника
4;Как быстро оставить резюме
4;Как быстро оставить заявку на работу
4;Как быстро оставить анкету
4;Как быстро оставить заявку на должность
4;Как быстро оставить заявку на пост
4;Как быстро оставить анкету сотрудника
4;Как быстро заполнить резюме
4;Как быстро заполнить заявку на работу
4;Как быстро заполнить анкету
4;Как быстро заполнить заявку на должность
4;Как быстро заполнить заявку на пост
4;Как быстро заполнить анкету сотрудника
4;Как быстро составить резюме
4;Как быстро составить заявку на работу
4;Как быстро составить анкету
4;Как быстро составить заявку на должность
4;Как быстро составить заявку на пост
4;Как быстро составить анкету сотрудника
4;Как быстро придумать резюме
4;Как быстро придумать заявку на работу
4;Как быстро придумать анкету
4;Как быстро придумать заявку на должность
4;Как быстро придумать заявку на пост
4;Как быстро придумать анкету сотрудника
4;Как быстро написать резюме
4;Как быстро написать заявку на работу
4;Как быстро написать анкету
4;Как быстро написать заявку на должность
4;Как быстро написать заявку на пост
4;Как быстро написать анкету сотрудника
4;Как быстро набросать резюме
4;Как быстро набросать заявку на работу
4;Как быстро набросать анкету
4;Как быстро набросать заявку на должность
4;Как быстро набросать заявку на пост
4;Как быстро набросать анкету сотрудника
4;Как быстро оформить резюме
4;Как быстро оформить заявку на работу
4;Как быстро оформить анкету
4;Как быстро оформить заявку на должность
4;Как быстро оформить заявку на пост
4;Как быстро оформить анкету сотрудника
4;Как быстро направить резюме
4;Как через тебя набросать заявку на пост
4;Желаю правильно оставить заявку на должность
4;Желаю правильно оставить заявку на пост
4;Желаю правильно оставить анкету сотрудника
4;Желаю правильно заполнить резюме
4;Желаю правильно заполнить заявку на работу
4;Желаю правильно заполнить анкету
4;Желаю правильно заполнить заявку на должность
4;Желаю правильно заполнить заявку на пост
4;Желаю правильно заполнить анкету сотрудника
4;Желаю правильно составить резюме
4;Желаю правильно составить заявку на работу
4;Желаю правильно составить анкету
4;Желаю правильно составить заявку на должность
4;Желаю правильно составить заявку на пост
4;Желаю правильно составить анкету сотрудника
4;Желаю правильно придумать резюме
4;Желаю правильно придумать заявку на работу
4;Желаю правильно придумать анкету
4;Желаю правильно придумать заявку на должность
4;Желаю правильно придумать заявку на пост
4;Желаю правильно придумать анкету сотрудника
4;Желаю правильно написать резюме
4;Желаю правильно написать заявку на работу
4;Желаю правильно написать анкету
4;Желаю правильно написать заявку на должность
4;Желаю правильно написать заявку на пост
4;Желаю правильно написать анкету сотрудника
4;Желаю правильно набросать резюме
4;Желаю правильно набросать заявку на работу
4;Желаю правильно набросать анкету
4;Желаю правильно набросать заявку на должность
4;Желаю правильно набросать заявку на пост
4;Желаю правильно набросать анкету сотрудника
4;Желаю правильно оформить резюме
4;Желаю правильно оформить заявку на работу
4;Желаю правильно оформить анкету
4;Желаю правильно оформить заявку на должность
4;Желаю правильно оформить заявку на пост
4;Желаю правильно оформить анкету сотрудника
4;Желаю правильно направить резюме
4;Желаю правильно направить заявку на работу
4;Желаю правильно направить анкету
4;Желаю правильно направить заявку на должность
4;Желаю правильно направить заявку на пост
4;Желаю правильно направить анкету сотрудника
4;Желаю правильно набрать резюме
4;Желаю правильно набрать заявку на работу
4;Желаю правильно набрать анкету
4;Желаю правильно набрать заявку на должность
4;Желаю правильно набрать заявку на пост
4;Желаю правильно набрать анкету сотрудника
4;Желаю точно подать резюме
4;Желаю точно подать заявку на работу
4;Желаю точно подать анкету
4;Желаю точно подать заявку на должность
4;Желаю точно подать заявку на пост
4;Желаю точно подать анкету сотрудника
4;Желаю точно оставить резюме
4;Желаю точно оставить заявку на работу
4;Желаю точно оставить анкету
4;Желаю точно оставить заявку на должность
4;Желаю точно оставить заявку на пост
4;Желаю точно оформить заявку на работу
4;Желаю точно оформить анкету
4;Желаю точно оформить заявку на должность
4;Желаю точно оформить заявку на пост
4;Желаю точно оформить анкету сотрудника
4;Желаю точно направить резюме
4;Желаю точно направить заявку на работу
4;Желаю точно направить анкету
4;Желаю точно направить заявку на должность
4;Желаю точно направить заявку на пост
4;Желаю точно направить анкету сотрудника
4;Желаю точно набрать резюме
4;Желаю точно набрать заявку на работу
4;Желаю точно набрать анкету
4;Желаю точно набрать заявку на должность
4;Желаю точно набрать заявку на пост
4;Желаю точно набрать анкету сотрудника
4;Желаю быстро подать резюме
4;Желаю быстро подать заявку на работу
4;Желаю быстро подать анкету
4;Желаю быстро подать заявку на должность
4;Желаю быстро подать заявку на пост
4;Желаю быстро подать анкету сотрудника
4;Желаю быстро оставить резюме
4;Желаю быстро составить анкету сотрудника
4;Желаю быстро придумать резюме
4;Желаю быстро придумать заявку на работу
4;Желаю быстро придумать анкету
4;Желаю быстро придумать заявку на должность
4;Желаю быстро придумать заявку на пост
4;Желаю быстро придумать анкету сотрудника
4;Желаю быстро написать резюме
4;Желаю быстро написать заявку на работу
4;Желаю быстро написать анкету
4;Желаю быстро написать заявку на должность
4;Желаю быстро написать заявку на пост
4;Желаю быстро написать анкету сотрудника
4;Желаю быстро набросать резюме
4;Желаю быстро набросать заявку на работу
4;Желаю быстро набросать анкету
4;Желаю быстро набросать заявку на должность
4;Желаю быстро набросать заявку на пост
4;Желаю быстро набросать анкету сотрудника
4;Желаю быстро оформить резюме
4;Желаю быстро оформить заявку на работу
4;Желаю быстро оформить анкету
4;Желаю быстро оформить заявку на должность
4;Желаю быстро оформить заявку на пост
4;Желаю быстро оформить анкету сотрудника
4;Желаю быстро направить резюме
4;Желаю быстро направить заявку на работу
4;Желаю быстро направить анкету
4;Желаю быстро направить заявку на должность
4;Желаю быстро направить заявку на пост
4;Желаю быстро направить анкету сотрудника
4;Желаю быстро набрать резюме
4;Желаю быстро набрать заявку на работу
4;Желаю быстро набрать анкету
4;Желаю быстро набрать заявку на должность
4;Желаю быстро набрать заявку на пост
4;Желаю быстро набрать анкету сотрудника
4;Желаю через тебя подать резюме
4;Желаю через тебя подать заявку на работу
4;Желаю через тебя подать анкету
4;Желаю через тебя подать заявку на должность
4;Желаю через тебя подать заявку на пост
4;Желаю через тебя подать анкету сотрудника
4;Желаю через тебя оставить резюме
4;Желаю через тебя оставить заявку на работу
4;Желаю через тебя оставить анкету
4;Желаю через тебя оставить заявку на должность
4;Желаю через тебя оставить заявку на пост
4;Желаю через тебя оставить анкету сотрудника
4;Желаю через тебя заполнить резюме
4;Желаю через тебя заполнить заявку на работу
4;Желаю через тебя заполнить анкету
4;Желаю через тебя заполнить заявку на должность
4;Желаю через тебя заполнить заявку на пост
4;Желаю через тебя заполнить анкету сотрудника
4;Желаю через тебя составить резюме
4;Желаю через тебя составить заявку на работу
4;Желаю через тебя составить анкету
4;Желаю через тебя составить заявку на должность
4;Желаю через тебя составить заявку на пост
4;Желаю через тебя составить анкету сотрудника
4;Желаю через тебя придумать резюме
4;Желаю через тебя придумать заявку на работу
4;Желаю через тебя придумать анкету
4;Желаю через тебя придумать заявку на должность
4;Желаю через тебя придумать заявку на пост
4;Желаю через тебя придумать анкету сотрудника
4;Желаю через тебя написать резюме
4;Желаю через тебя написать заявку на работу
4;Желаю через тебя написать анкету
4;Желаю через тебя написать заявку на должность
4;Желаю через тебя написать заявку на пост
4;Желаю через тебя написать анкету сотрудника
4;Желаю через тебя набросать резюме
4;Желаю через тебя набросать заявку на работу
4;Желаю через тебя набросать анкету
4;Желаю через тебя набросать заявку на должность
4;Желаю через тебя набросать заявку на пост
4;Желаю через тебя набросать анкету сотрудника
4;Желаю через тебя оформить резюме
4;Желаю через тебя оформить заявку на работу
4;Желаю через тебя оформить анкету
4;Желаю через тебя оформить заявку на должность
4;Желаю через тебя оформить заявку на пост
4;Желаю через тебя оформить анкету сотрудника
4;Желаю через тебя направить резюме
4;Желаю через тебя направить заявку на работу
4;Желаю через тебя направить анкету
4;Желаю через тебя направить заявку на должность
4;Желаю через тебя направить заявку на пост
4;Желаю через тебя направить анкету сотрудника
4;Желаю через тебя набрать резюме
4;Желаю через тебя набрать заявку на работу
4;Желаю через тебя набрать анкету
4;Желаю через тебя набрать заявку на должность
4;Желаю через тебя набрать заявку на пост
4;Желаю через тебя набрать анкету сотрудника
