label,question
2,Какой номер справки
2,Какой номер справочной службы
2,Какой номер справке
2,Какой номер справочной службе
2,Какой данные номера справки
2,Какой данные номера справочной службы
2,Какой данные номера справке
2,Какой данные номера справочной службе
2,Какой информацию о справки
2,Какой информацию о справочной службы
2,Какой информацию о справке
2,Какой информацию о справочной службе
2,Какой информацию о номере справки
2,Какой информацию о номере справочной службы
2,Какой информацию о номере справке
2,Какой информацию о номере справочной службе
2,Какой номерок справки
2,Какой номерок справочной службы
2,Какой номерок справке
2,Какой номерок справочной службе
2,Какой как связаться с справки
2,Какой как связаться с справочной службы
2,Какой как связаться с справке
2,Какой как связаться с справочной службе
2,Дай номер справки
2,Дай номер справочной службы
2,Дай номер справке
2,Дай номер справочной службе
2,Дай данные номера справки
2,Дай данные номера справочной службы
2,Дай данные номера справке
2,Дай данные номера справочной службе
2,Дай информацию о справки
2,Дай информацию о справочной службы
2,Дай информацию о справке
2,Дай информацию о справочной службе
2,Дай информацию о номере справки
2,Дай информацию о номере справочной службы
2,Дай информацию о номере справке
2,Дай информацию о номере справочной службе
2,Дай номерок справки
2,Дай номерок справочной службы
2,Дай номерок справке
2,Дай номерок справочной службе
2,Дай как связаться с справки
2,Дай как связаться с справочной службы
2,Дай как связаться с справке
2,Дай как связаться с справочной службе
2,Подскажи номер справки
2,Подскажи номер справочной службы
2,Подскажи номер справке
2,Подскажи номер справочной службе
2,Подскажи данные номера справки
2,Подскажи данные номера справочной службы
2,Подскажи данные номера справке
2,Подскажи данные номера справочной службе
2,Подскажи информацию о справки
2,Подскажи информацию о справочной службы
2,Подскажи информацию о справке
2,Подскажи информацию о справочной службе
2,Подскажи информацию о номере справки
2,Подскажи информацию о номере справочной службы
2,Подскажи информацию о номере справке
2,Подскажи информацию о номере справочной службе
2,Подскажи номерок справки
2,Подскажи номерок справочной службы
2,Подскажи номерок справке
2,Подскажи номерок справочной службе
2,Подскажи как связаться с справки
2,Подскажи как связаться с справочной службы
2,Подскажи как связаться с справке
2,Подскажи как связаться с справочной службе
2,Напиши номер справки
2,Напиши номер справочной службы
2,Напиши номер справке
2,Напиши номер справочной службе
2,Напиши данные номера справки
2,Напиши данные номера справочной службы
2,Напиши данные номера справке
2,Напиши данные номера справочной службе
2,Напиши информацию о справки
2,Напиши информацию о справочной службы
2,Напиши информацию о справке
2,Напиши информацию о справочной службе
2,Напиши информацию о номере справки
2,Напиши информацию о номере справочной службы
2,Напиши информацию о номере справке
2,Напиши информацию о номере справочной службе
2,Напиши номерок справки
2,Напиши номерок справочной службы
2,Напиши номерок справке
2,Напиши номерок справочной службе
2,Напиши как связаться с справки
2,Напиши как связаться с справочной службы
2,Напиши как связаться с справке
2,Напиши как связаться с справочной службе
2,Где найти номер справки
2,Где найти номер справочной службы
2,Где найти номер справке
2,Где найти номер справочной службе
2,Где найти данные номера справки
2,Где найти данные номера справочной службы
2,Где найти данные номера справке
2,Где найти данные номера справочной службе
2,Где найти информацию о справки
2,Где найти информацию о справочной службы
2,Где найти информацию о справке
2,Где найти информацию о справочной службе
2,Где найти информацию о номере справки
2,Где найти информацию о номере справочной службы
2,Где найти информацию о номере справке
2,Где найти информацию о номере справочной службе
2,Где найти номерок справки
2,Где найти номерок справочной службы
2,Где найти номерок справке
2,Где найти номерок справочной службе
2,Где найти как связаться с справки
2,Где найти как связаться с справочной службы
2,Где найти как связаться с справке
2,Где найти как связаться с справочной службе
2,Где взять номер справки
2,Где взять номер справочной службы
2,Где взять номер справке
2,Где взять номер справочной службе
2,Где взять данные номера справки
2,Где взять данные номера справочной службы
2,Где взять данные номера справке
2,Где взять данные номера справочной службе
2,Где взять информацию о справки
2,Где взять информацию о справочной службы
2,Где взять информацию о справке
2,Где взять информацию о справочной службе
2,Где взять информацию о номере справки
2,Где взять информацию о номере справочной службы
2,Где взять информацию о номере справке
2,Где взять информацию о номере справочной службе
2,Где взять номерок справки
2,Где взять номерок справочной службы
2,Где взять номерок справке
2,Где взять номерок справочной службе
2,Где взять как связаться с справки
2,Где взять как связаться с справочной службы
2,Где взять как связаться с справке
2,Где взять как связаться с справочной службе
2,Откуда номер справки
2,Откуда номер справочной службы
2,Откуда номер справке
2,Откуда номер справочной службе
2,Откуда данные номера справки
2,Откуда данные номера справочной службы
2,Откуда данные номера справке
2,Откуда данные номера справочной службе
2,Откуда информацию о справки
2,Откуда информацию о справочной службы
2,Откуда информацию о справке
2,Откуда информацию о справочной службе
2,Откуда информацию о номере справки
2,Откуда информацию о номере справочной службы
2,Откуда информацию о номере справке
2,Откуда информацию о номере справочной службе
2,Откуда номерок справки
2,Откуда номерок справочной службы
2,Откуда номерок справке
2,Откуда номерок справочной службе
2,Откуда как связаться с справки
2,Откуда как связаться с справочной службы
2,Откуда как связаться с справке
2,Откуда как связаться с справочной службе
2,Знаешь номер справки
2,Знаешь номер справочной службы
2,Знаешь номер справке
2,Знаешь номер справочной службе
2,Знаешь данные номера справки
2,Знаешь данные номера справочной службы
2,Знаешь данные номера справке
2,Знаешь данные номера справочной службе
2,Знаешь информацию о справки
2,Знаешь информацию о справочной службы
2,Знаешь информацию о справке
2,Знаешь информацию о справочной службе
2,Знаешь информацию о номере справки
2,Знаешь информацию о номере справочной службы
2,Знаешь информацию о номере справке
2,Знаешь информацию о номере справочной службе
2,Знаешь номерок справки
2,Знаешь номерок справочной службы
2,Знаешь номерок справке
2,Знаешь номерок справочной службе
2,Знаешь как связаться с справки
2,Знаешь как связаться с справочной службы
2,Знаешь как связаться с справке
2,Знаешь как связаться с справочной службе
2,Помоги найти номер справки
2,Помоги найти номер справочной службы
2,Помоги найти номер справке
2,Помоги найти номер справочной службе
2,Помоги найти данные номера справки
2,Помоги найти данные номера справочной службы
2,Помоги найти данные номера справке
2,Помоги найти данные номера справочной службе
2,Помоги найти информацию о справки
2,Помоги найти информацию о справочной службы
2,Помоги найти информацию о справке
2,Помоги найти информацию о справочной службе
2,Помоги найти информацию о номере справки
2,Помоги найти информацию о номере справочной службы
2,Помоги найти информацию о номере справке
2,Помоги найти информацию о номере справочной службе
2,Помоги найти номерок справки
2,Помоги найти номерок справочной службы
2,Помоги найти номерок справке
2,Помоги найти номерок справочной службе
2,Помоги найти как связаться с справки
2,Помоги найти как связаться с справочной службы
2,Помоги найти как связаться с справке
2,Помоги найти как связаться с справочной службе
2,Какой номер справкой
2,Какой номер справочной службой
2,Какой данные номера справкой
2,Какой данные номера справочной службой
2,Какой информацию о справкой
2,Какой информацию о справочной службой
2,Какой информацию о номере справкой
2,Какой информацию о номере справочной службой
2,Какой номерок справкой
2,Какой номерок справочной службой
2,Какой как связаться с справкой
2,Какой как связаться с справочной службой
2,Дай номер справкой
2,Дай номер справочной службой
2,Дай данные номера справкой
2,Дай данные номера справочной службой
2,Дай информацию о справкой
2,Дай информацию о справочной службой
2,Дай информацию о номере справкой
2,Дай информацию о номере справочной службой
2,Дай номерок справкой
2,Дай номерок справочной службой
2,Дай как связаться с справкой
2,Дай как связаться с справочной службой
2,Подскажи номер справкой
2,Подскажи номер справочной службой
2,Подскажи данные номера справкой
2,Подскажи данные номера справочной службой
2,Подскажи информацию о справкой
2,Подскажи информацию о справочной службой
2,Подскажи информацию о номере справкой
2,Подскажи информацию о номере справочной службой
2,Подскажи номерок справкой
2,Подскажи номерок справочной службой
2,Подскажи как связаться с справкой
2,Подскажи как связаться с справочной службой
2,Напиши номер справкой
2,Напиши номер справочной службой
2,Напиши данные номера справкой
2,Напиши данные номера справочной службой
2,Напиши информацию о справкой
2,Напиши информацию о справочной службой
2,Напиши информацию о номере справкой
2,Напиши информацию о номере справочной службой
2,Напиши номерок справкой
2,Напиши номерок справочной службой
2,Напиши как связаться с справкой
2,Напиши как связаться с справочной службой
2,Где найти номер справкой
2,Где найти номер справочной службой
2,Где найти данные номера справкой
2,Где найти данные номера справочной службой
2,Где найти информацию о справкой
2,Где найти информацию о справочной службой
2,Где найти информацию о номере справкой
2,Где найти информацию о номере справочной службой
2,Где найти номерок справкой
2,Где найти номерок справочной службой
2,Где найти как связаться с справкой
2,Где найти как связаться с справочной службой
2,Где взять номер справкой
2,Где взять номер справочной службой
2,Где взять данные номера справкой
2,Где взять данные номера справочной службой
2,Где взять информацию о справкой
2,Где взять информацию о справочной службой
2,Где взять информацию о номере справкой
2,Где взять информацию о номере справочной службой
2,Где взять номерок справкой
2,Где взять номерок справочной службой
2,Где взять как связаться с справкой
2,Где взять как связаться с справочной службой
2,Откуда номер справкой
2,Откуда номер справочной службой
2,Откуда данные номера справкой
2,Откуда данные номера справочной службой
2,Откуда информацию о справкой
2,Откуда информацию о справочной службой
2,Откуда информацию о номере справкой
2,Откуда информацию о номере справочной службой
2,Откуда номерок справкой
2,Откуда номерок справочной службой
2,Откуда как связаться с справкой
2,Откуда как связаться с справочной службой
2,Знаешь номер справкой
2,Знаешь номер справочной службой
2,Знаешь данные номера справкой
2,Знаешь данные номера справочной службой
2,Знаешь информацию о справкой
2,Знаешь информацию о справочной службой
2,Знаешь информацию о номере справкой
2,Знаешь информацию о номере справочной службой
2,Знаешь номерок справкой
2,Знаешь номерок справочной службой
2,Знаешь как связаться с справкой
2,Знаешь как связаться с справочной службой
2,Помоги найти номер справкой
2,Помоги найти номер справочной службой
2,Помоги найти данные номера справкой
2,Помоги найти данные номера справочной службой
2,Помоги найти информацию о справкой
2,Помоги найти информацию о справочной службой
2,Помоги найти информацию о номере справкой
2,Помоги найти информацию о номере справочной службой
2,Помоги найти номерок справкой
2,Помоги найти номерок справочной службой
2,Помоги найти как связаться с справкой
2,Помоги найти как связаться с справочной службой
2,Можно мне номер справки
2,Можно мне номер справкой
2,Можно мне номер справке
2,Можно мне номер справочной службой
2,Можно мне номер справочной службы
2,Можно мне номер справочной службе
2,Можно мне данные номера справки
2,Можно мне данные номера справкой
2,Можно мне данные номера справке
2,Можно мне данные номера справочной службой
2,Можно мне данные номера справочной службы
2,Можно мне данные номера справочной службе
2,Можно мне информацию о справки
2,Можно мне информацию о справкой
2,Можно мне информацию о справке
2,Можно мне информацию о справочной службой
2,Можно мне информацию о справочной службы
2,Можно мне информацию о справочной службе
2,Можно мне информацию о номере справки
2,Можно мне информацию о номере справкой
2,Можно мне информацию о номере справке
2,Можно мне информацию о номере справочной службой
2,Можно мне информацию о номере справочной службы
2,Можно мне информацию о номере справочной службе
2,Можно мне номерок справки
2,Можно мне номерок справкой
2,Можно мне номерок справке
2,Можно мне номерок справочной службой
2,Можно мне номерок справочной службы
2,Можно мне номерок справочной службе
2,Можно мне как связаться с справки
2,Можно мне как связаться с справкой
2,Можно мне как связаться с справке
2,Можно мне как связаться с справочной службой
2,Можно мне как связаться с справочной службы
2,Можно мне как связаться с справочной службе
2,Хочу номер справки
2,Хочу номер справкой
2,Хочу номер справке
2,Хочу номер справочной службой
2,Хочу номер справочной службы
2,Хочу номер справочной службе
2,Хочу данные номера справки
2,Хочу данные номера справкой
2,Хочу данные номера справке
2,Хочу данные номера справочной службой
2,Хочу данные номера справочной службы
2,Хочу данные номера справочной службе
2,Хочу информацию о справки
2,Хочу информацию о справкой
2,Хочу информацию о справке
2,Хочу информацию о справочной службой
2,Хочу информацию о справочной службы
2,Хочу информацию о справочной службе
2,Хочу информацию о номере справки
2,Хочу информацию о номере справкой
2,Хочу информацию о номере справке
2,Хочу информацию о номере справочной службой
2,Хочу информацию о номере справочной службы
2,Хочу информацию о номере справочной службе
2,Хочу номерок справки
2,Хочу номерок справкой
2,Хочу номерок справке
2,Хочу номерок справочной службой
2,Хочу номерок справочной службы
2,Хочу номерок справочной службе
2,Хочу как связаться с справки
2,Хочу как связаться с справкой
2,Хочу как связаться с справке
2,Хочу как связаться с справочной службой
2,Хочу как связаться с справочной службы
2,Хочу как связаться с справочной службе
2,Желаю номер справки
2,Желаю номер справкой
2,Желаю номер справке
2,Желаю номер справочной службой
2,Желаю номер справочной службы
2,Желаю номер справочной службе
2,Желаю данные номера справки
2,Желаю данные номера справкой
2,Желаю данные номера справке
2,Желаю данные номера справочной службой
2,Желаю данные номера справочной службы
2,Желаю данные номера справочной службе
2,Желаю информацию о справки
2,Желаю информацию о справкой
2,Желаю информацию о справке
2,Желаю информацию о справочной службой
2,Желаю информацию о справочной службы
2,Желаю информацию о справочной службе
2,Желаю информацию о номере справки
2,Желаю информацию о номере справкой
2,Желаю информацию о номере справке
2,Желаю информацию о номере справочной службой
2,Желаю информацию о номере справочной службы
2,Желаю информацию о номере справочной службе
2,Желаю номерок справки
2,Желаю номерок справкой
2,Желаю номерок справке
2,Желаю номерок справочной службой
2,Желаю номерок справочной службы
2,Желаю номерок справочной службе
2,Желаю как связаться с справки
2,Желаю как связаться с справкой
2,Желаю как связаться с справке
2,Желаю как связаться с справочной службой
2,Желаю как связаться с справочной службы
2,Желаю как связаться с справочной службе
2,Есть номер справки
2,Есть номер справкой
2,Есть номер справке
2,Есть номер справочной службой
2,Есть номер справочной службы
2,Есть номер справочной службе
2,Есть данные номера справки
2,Есть данные номера справкой
2,Есть данные номера справке
2,Есть данные номера справочной службой
2,Есть данные номера справочной службы
2,Есть данные номера справочной службе
2,Есть информацию о справки
2,Есть информацию о справкой
2,Есть информацию о справке
2,Есть информацию о справочной службой
2,Есть информацию о справочной службы
2,Есть информацию о справочной службе
2,Есть информацию о номере справки
2,Есть информацию о номере справкой
2,Есть информацию о номере справке
2,Есть информацию о номере справочной службой
2,Есть информацию о номере справочной службы
2,Есть информацию о номере справочной службе
2,Есть номерок справки
2,Есть номерок справкой
2,Есть номерок справке
2,Есть номерок справочной службой
2,Есть номерок справочной службы
2,Есть номерок справочной службе
2,Есть как связаться с справки
2,Есть как связаться с справкой
2,Есть как связаться с справке
2,Есть как связаться с справочной службой
2,Есть как связаться с справочной службы
2,Есть как связаться с справочной службе
2,Не могу найти номер справки
2,Не могу найти номер справкой
2,Не могу найти номер справке
2,Не могу найти номер справочной службой
2,Не могу найти номер справочной службы
2,Не могу найти номер справочной службе
2,Не могу найти данные номера справки
2,Не могу найти данные номера справкой
2,Не могу найти данные номера справке
2,Не могу найти данные номера справочной службой
2,Не могу найти данные номера справочной службы
2,Не могу найти данные номера справочной службе
2,Не могу найти информацию о справки
2,Не могу найти информацию о справкой
2,Не могу найти информацию о справке
2,Не могу найти информацию о справочной службой
2,Не могу найти информацию о справочной службы
2,Не могу найти информацию о справочной службе
2,Не могу найти информацию о номере справки
2,Не могу найти информацию о номере справкой
2,Не могу найти информацию о номере справке
2,Не могу найти информацию о номере справочной службой
2,Не могу найти информацию о номере справочной службы
2,Не могу найти информацию о номере справочной службе
2,Не могу найти номерок справки
2,Не могу найти номерок справкой
2,Не могу найти номерок справке
2,Не могу найти номерок справочной службой
2,Не могу найти номерок справочной службы
2,Не могу найти номерок справочной службе
2,Не могу найти как связаться с справки
2,Не могу найти как связаться с справкой
2,Не могу найти как связаться с справке
2,Не могу найти как связаться с справочной службой
2,Не могу найти как связаться с справочной службы
2,Не могу найти как связаться с справочной службе
2,Не могу узнать номер справки
2,Не могу узнать номер справкой
2,Не могу узнать номер справке
2,Не могу узнать номер справочной службой
2,Не могу узнать номер справочной службы
2,Не могу узнать номер справочной службе
2,Не могу узнать данные номера справки
2,Не могу узнать данные номера справкой
2,Не могу узнать данные номера справке
2,Не могу узнать данные номера справочной службой
2,Не могу узнать данные номера справочной службы
2,Не могу узнать данные номера справочной службе
2,Не могу узнать информацию о справки
2,Не могу узнать информацию о справкой
2,Не могу узнать информацию о справке
2,Не могу узнать информацию о справочной службой
2,Не могу узнать информацию о справочной службы
2,Не могу узнать информацию о справочной службе
2,Не могу узнать информацию о номере справки
2,Не могу узнать информацию о номере справкой
2,Не могу узнать информацию о номере справке
2,Не могу узнать информацию о номере справочной службой
2,Не могу узнать информацию о номере справочной службы
2,Не могу узнать информацию о номере справочной службе
2,Не могу узнать номерок справки
2,Не могу узнать номерок справкой
2,Не могу узнать номерок справке
2,Не могу узнать номерок справочной службой
2,Не могу узнать номерок справочной службы
2,Не могу узнать номерок справочной службе
2,Не могу узнать как связаться с справки
2,Не могу узнать как связаться с справкой
2,Не могу узнать как связаться с справке
2,Не могу узнать как связаться с справочной службой
2,Не могу узнать как связаться с справочной службы
2,Не могу узнать как связаться с справочной службе
2,Можно мне номер оператора справки
2,Можно мне номер оператора справочной службы
2,Можно мне номер диспетчера справки
2,Можно мне номер диспетчера справочной службы
2,Можно мне данные номера оператора справки
2,Можно мне данные номера оператора справочной службы
2,Можно мне данные номера диспетчера справки
2,Можно мне данные номера диспетчера справочной службы
2,Можно мне информацию о оператора справки
2,Можно мне информацию о оператора справочной службы
2,Можно мне информацию о диспетчера справки
2,Можно мне информацию о диспетчера справочной службы
2,Можно мне информацию о номере оператора справки
2,Можно мне информацию о номере оператора справочной службы
2,Можно мне информацию о номере диспетчера справки
2,Можно мне информацию о номере диспетчера справочной службы
2,Можно мне номерок оператора справки
2,Можно мне номерок оператора справочной службы
2,Можно мне номерок диспетчера справки
2,Можно мне номерок диспетчера справочной службы
2,Можно мне как связаться с оператора справки
2,Можно мне как связаться с оператора справочной службы
2,Можно мне как связаться с диспетчера справки
2,Можно мне как связаться с диспетчера справочной службы
2,Хочу номер оператора справки
2,Хочу номер оператора справочной службы
2,Хочу номер диспетчера справки
2,Хочу номер диспетчера справочной службы
2,Хочу данные номера оператора справки
2,Хочу данные номера оператора справочной службы
2,Хочу данные номера диспетчера справки
2,Хочу данные номера диспетчера справочной службы
2,Хочу информацию о оператора справки
2,Хочу информацию о оператора справочной службы
2,Хочу информацию о диспетчера справки
2,Хочу информацию о диспетчера справочной службы
2,Хочу информацию о номере оператора справки
2,Хочу информацию о номере оператора справочной службы
2,Хочу информацию о номере диспетчера справки
2,Хочу информацию о номере диспетчера справочной службы
2,Хочу номерок оператора справки
2,Хочу номерок оператора справочной службы
2,Хочу номерок диспетчера справки
2,Хочу номерок диспетчера справочной службы
2,Хочу как связаться с оператора справки
2,Хочу как связаться с оператора справочной службы
2,Хочу как связаться с диспетчера справки
2,Хочу как связаться с диспетчера справочной службы
2,Желаю номер оператора справки
2,Желаю номер оператора справочной службы
2,Желаю номер диспетчера справки
2,Желаю номер диспетчера справочной службы
2,Желаю данные номера оператора справки
2,Желаю данные номера оператора справочной службы
2,Желаю данные номера диспетчера справки
2,Желаю данные номера диспетчера справочной службы
2,Желаю информацию о оператора справки
2,Желаю информацию о оператора справочной службы
2,Желаю информацию о диспетчера справки
2,Желаю информацию о диспетчера справочной службы
2,Желаю информацию о номере оператора справки
2,Желаю информацию о номере оператора справочной службы
2,Желаю информацию о номере диспетчера справки
2,Желаю информацию о номере диспетчера справочной службы
2,Желаю номерок оператора справки
2,Желаю номерок оператора справочной службы
2,Желаю номерок диспетчера справки
2,Желаю номерок диспетчера справочной службы
2,Желаю как связаться с оператора справки
2,Желаю как связаться с оператора справочной службы
2,Желаю как связаться с диспетчера справки
2,Желаю как связаться с диспетчера справочной службы
2,Есть номер оператора справки
2,Есть номер оператора справочной службы
2,Есть номер диспетчера справки
2,Есть номер диспетчера справочной службы
2,Есть данные номера оператора справки
2,Есть данные номера оператора справочной службы
2,Есть данные номера диспетчера справки
2,Есть данные номера диспетчера справочной службы
2,Есть информацию о оператора справки
2,Есть информацию о оператора справочной службы
2,Есть информацию о диспетчера справки
2,Есть информацию о диспетчера справочной службы
2,Есть информацию о номере оператора справки
2,Есть информацию о номере оператора справочной службы
2,Есть информацию о номере диспетчера справки
2,Есть информацию о номере диспетчера справочной службы
2,Есть номерок оператора справки
2,Есть номерок оператора справочной службы
2,Есть номерок диспетчера справки
2,Есть номерок диспетчера справочной службы
2,Есть как связаться с оператора справки
2,Есть как связаться с оператора справочной службы
2,Есть как связаться с диспетчера справки
2,Есть как связаться с диспетчера справочной службы
2,Не могу найти номер оператора справки
2,Не могу найти номер оператора справочной службы
2,Не могу найти номер диспетчера справки
2,Не могу найти номер диспетчера справочной службы
2,Не могу найти данные номера оператора справки
2,Не могу найти данные номера оператора справочной службы
2,Не могу найти данные номера диспетчера справки
2,Не могу найти данные номера диспетчера справочной службы
2,Не могу найти информацию о оператора справки
2,Не могу найти информацию о оператора справочной службы
2,Не могу найти информацию о диспетчера справки
2,Не могу найти информацию о диспетчера справочной службы
2,Не могу найти информацию о номере оператора справки
2,Не могу найти информацию о номере оператора справочной службы
2,Не могу найти информацию о номере диспетчера справки
2,Не могу найти информацию о номере диспетчера справочной службы
2,Не могу найти номерок оператора справки
2,Не могу найти номерок оператора справочной службы
2,Не могу найти номерок диспетчера справки
2,Не могу найти номерок диспетчера справочной службы
2,Не могу найти как связаться с оператора справки
2,Не могу найти как связаться с оператора справочной службы
2,Не могу найти как связаться с диспетчера справки
2,Не могу найти как связаться с диспетчера справочной службы
2,Не могу узнать номер оператора справки
2,Не могу узнать номер оператора справочной службы
2,Не могу узнать номер диспетчера справки
2,Не могу узнать номер диспетчера справочной службы
2,Не могу узнать данные номера оператора справки
2,Не могу узнать данные номера оператора справочной службы
2,Не могу узнать данные номера диспетчера справки
2,Не могу узнать данные номера диспетчера справочной службы
2,Не могу узнать информацию о оператора справки
2,Не могу узнать информацию о оператора справочной службы
2,Не могу узнать информацию о диспетчера справки
2,Не могу узнать информацию о диспетчера справочной службы
2,Не могу узнать информацию о номере оператора справки
2,Не могу узнать информацию о номере оператора справочной службы
2,Не могу узнать информацию о номере диспетчера справки
2,Не могу узнать информацию о номере диспетчера справочной службы
2,Не могу узнать номерок оператора справки
2,Не могу узнать номерок оператора справочной службы
2,Не могу узнать номерок диспетчера справки
2,Не могу узнать номерок диспетчера справочной службы
2,Не могу узнать как связаться с оператора справки
2,Не могу узнать как связаться с оператора справочной службы
2,Не могу узнать как связаться с диспетчера справки
2,Не могу узнать как связаться с диспетчера справочной службы
2,Можно мне номер диспетчере справки
2,Можно мне номер диспетчере справочной службы
2,Можно мне номер операторе справки
2,Можно мне номер операторе справочной службы
2,Можно мне номер диспетчером справки
2,Можно мне номер диспетчером справочной службы
2,Можно мне номер оператором справки
2,Можно мне номер оператором справочной службы
2,Можно мне данные номера диспетчере справки
2,Можно мне данные номера диспетчере справочной службы
2,Можно мне данные номера операторе справки
2,Можно мне данные номера операторе справочной службы
2,Можно мне данные номера диспетчером справки
2,Можно мне данные номера диспетчером справочной службы
2,Можно мне данные номера оператором справки
2,Можно мне данные номера оператором справочной службы
2,Можно мне информацию о диспетчере справки
2,Можно мне информацию о диспетчере справочной службы
2,Можно мне информацию о операторе справки
2,Можно мне информацию о операторе справочной службы
2,Можно мне информацию о диспетчером справки
2,Можно мне информацию о диспетчером справочной службы
2,Можно мне информацию о оператором справки
2,Можно мне информацию о оператором справочной службы
2,Можно мне информацию о номере диспетчере справки
2,Можно мне информацию о номере диспетчере справочной службы
2,Можно мне информацию о номере операторе справки
2,Можно мне информацию о номере операторе справочной службы
2,Можно мне информацию о номере диспетчером справки
2,Можно мне информацию о номере диспетчером справочной службы
2,Можно мне информацию о номере оператором справки
2,Можно мне информацию о номере оператором справочной службы
2,Можно мне номерок диспетчере справки
2,Можно мне номерок диспетчере справочной службы
2,Можно мне номерок операторе справки
2,Можно мне номерок операторе справочной службы
2,Можно мне номерок диспетчером справки
2,Можно мне номерок диспетчером справочной службы
2,Можно мне номерок оператором справки
2,Можно мне номерок оператором справочной службы
2,Можно мне как связаться с диспетчере справки
2,Можно мне как связаться с диспетчере справочной службы
2,Можно мне как связаться с операторе справки
2,Можно мне как связаться с операторе справочной службы
2,Можно мне как связаться с диспетчером справки
2,Можно мне как связаться с диспетчером справочной службы
2,Можно мне как связаться с оператором справки
2,Можно мне как связаться с оператором справочной службы
2,Хочу номер диспетчере справки
2,Хочу номер диспетчере справочной службы
2,Хочу номер операторе справки
2,Хочу номер операторе справочной службы
2,Хочу номер диспетчером справки
2,Хочу номер диспетчером справочной службы
2,Хочу номер оператором справки
2,Хочу номер оператором справочной службы
2,Хочу данные номера диспетчере справки
2,Хочу данные номера диспетчере справочной службы
2,Хочу данные номера операторе справки
2,Хочу данные номера операторе справочной службы
2,Хочу данные номера диспетчером справки
2,Хочу данные номера диспетчером справочной службы
2,Хочу данные номера оператором справки
2,Хочу данные номера оператором справочной службы
2,Хочу информацию о диспетчере справки
2,Хочу информацию о диспетчере справочной службы
2,Хочу информацию о операторе справки
2,Хочу информацию о операторе справочной службы
2,Хочу информацию о диспетчером справки
2,Хочу информацию о диспетчером справочной службы
2,Хочу информацию о оператором справки
2,Хочу информацию о оператором справочной службы
2,Хочу информацию о номере диспетчере справки
2,Хочу информацию о номере диспетчере справочной службы
2,Хочу информацию о номере операторе справки
2,Хочу информацию о номере операторе справочной службы
2,Хочу информацию о номере диспетчером справки
2,Хочу информацию о номере диспетчером справочной службы
2,Хочу информацию о номере оператором справки
2,Хочу информацию о номере оператором справочной службы
2,Хочу номерок диспетчере справки
2,Хочу номерок диспетчере справочной службы
2,Хочу номерок операторе справки
2,Хочу номерок операторе справочной службы
2,Хочу номерок диспетчером справки
2,Хочу номерок диспетчером справочной службы
2,Хочу номерок оператором справки
2,Хочу номерок оператором справочной службы
2,Хочу как связаться с диспетчере справки
2,Хочу как связаться с диспетчере справочной службы
2,Хочу как связаться с операторе справки
2,Хочу как связаться с операторе справочной службы
2,Хочу как связаться с диспетчером справки
2,Хочу как связаться с диспетчером справочной службы
2,Хочу как связаться с оператором справки
2,Хочу как связаться с оператором справочной службы
2,Желаю номер диспетчере справки
2,Желаю номер диспетчере справочной службы
2,Желаю номер операторе справки
2,Желаю номер операторе справочной службы
2,Желаю номер диспетчером справки
2,Желаю номер диспетчером справочной службы
2,Желаю номер оператором справки
2,Желаю номер оператором справочной службы
2,Желаю данные номера диспетчере справки
2,Желаю данные номера диспетчере справочной службы
2,Желаю данные номера операторе справки
2,Желаю данные номера операторе справочной службы
2,Желаю данные номера диспетчером справки
2,Желаю данные номера диспетчером справочной службы
2,Желаю данные номера оператором справки
2,Желаю данные номера оператором справочной службы
2,Желаю информацию о диспетчере справки
2,Желаю информацию о диспетчере справочной службы
2,Желаю информацию о операторе справки
2,Желаю информацию о операторе справочной службы
2,Желаю информацию о диспетчером справки
2,Желаю информацию о диспетчером справочной службы
2,Желаю информацию о оператором справки
2,Желаю информацию о оператором справочной службы
2,Желаю информацию о номере диспетчере справки
2,Желаю информацию о номере диспетчере справочной службы
2,Желаю информацию о номере операторе справки
2,Желаю информацию о номере операторе справочной службы
2,Желаю информацию о номере диспетчером справки
2,Желаю информацию о номере диспетчером справочной службы
2,Желаю информацию о номере оператором справки
2,Желаю информацию о номере оператором справочной службы
2,Желаю номерок диспетчере справки
2,Желаю номерок диспетчере справочной службы
2,Желаю номерок операторе справки
2,Желаю номерок операторе справочной службы
2,Желаю номерок диспетчером справки
2,Желаю номерок диспетчером справочной службы
2,Желаю номерок оператором справки
2,Желаю номерок оператором справочной службы
2,Желаю как связаться с диспетчере справки
2,Желаю как связаться с диспетчере справочной службы
2,Желаю как связаться с операторе справки
2,Желаю как связаться с операторе справочной службы
2,Желаю как связаться с диспетчером справки
2,Желаю как связаться с диспетчером справочной службы
2,Желаю как связаться с оператором справки
2,Желаю как связаться с оператором справочной службы
2,Есть номер диспетчере справки
2,Есть номер диспетчере справочной службы
2,Есть номер операторе справки
2,Есть номер операторе справочной службы
2,Есть номер диспетчером справки
2,Есть номер диспетчером справочной службы
2,Есть номер оператором справки
2,Есть номер оператором справочной службы
2,Есть данные номера диспетчере справки
2,Есть данные номера диспетчере справочной службы
2,Есть данные номера операторе справки
2,Есть данные номера операторе справочной службы
2,Есть данные номера диспетчером справки
2,Есть данные номера диспетчером справочной службы
2,Есть данные номера оператором справки
2,Есть данные номера оператором справочной службы
2,Есть информацию о диспетчере справки
2,Есть информацию о диспетчере справочной службы
2,Есть информацию о операторе справки
2,Есть информацию о операторе справочной службы
2,Есть информацию о диспетчером справки
2,Есть информацию о диспетчером справочной службы
2,Есть информацию о оператором справки
2,Есть информацию о оператором справочной службы
2,Есть информацию о номере диспетчере справки
2,Есть информацию о номере диспетчере справочной службы
2,Есть информацию о номере операторе справки
2,Есть информацию о номере операторе справочной службы
2,Есть информацию о номере диспетчером справки
2,Есть информацию о номере диспетчером справочной службы
2,Есть информацию о номере оператором справки
2,Есть информацию о номере оператором справочной службы
2,Есть номерок диспетчере справки
2,Есть номерок диспетчере справочной службы
2,Есть номерок операторе справки
2,Есть номерок операторе справочной службы
2,Есть номерок диспетчером справки
2,Есть номерок диспетчером справочной службы
2,Есть номерок оператором справки
2,Есть номерок оператором справочной службы
2,Есть как связаться с диспетчере справки
2,Есть как связаться с диспетчере справочной службы
2,Есть как связаться с операторе справки
2,Есть как связаться с операторе справочной службы
2,Есть как связаться с диспетчером справки
2,Есть как связаться с диспетчером справочной службы
2,Есть как связаться с оператором справки
2,Есть как связаться с оператором справочной службы
2,Не могу найти номер диспетчере справки
2,Не могу найти номер диспетчере справочной службы
2,Не могу найти номер операторе справки
2,Не могу найти номер операторе справочной службы
2,Не могу найти номер диспетчером справки
2,Не могу найти номер диспетчером справочной службы
2,Не могу найти номер оператором справки
2,Не могу найти номер оператором справочной службы
2,Не могу найти данные номера диспетчере справки
2,Не могу найти данные номера диспетчере справочной службы
2,Не могу найти данные номера операторе справки
2,Не могу найти данные номера операторе справочной службы
2,Не могу найти данные номера диспетчером справки
2,Не могу найти данные номера диспетчером справочной службы
2,Не могу найти данные номера оператором справки
2,Не могу найти данные номера оператором справочной службы
2,Не могу найти информацию о диспетчере справки
2,Не могу найти информацию о диспетчере справочной службы
2,Не могу найти информацию о операторе справки
2,Не могу найти информацию о операторе справочной службы
2,Не могу найти информацию о диспетчером справки
2,Не могу найти информацию о диспетчером справочной службы
2,Не могу найти информацию о оператором справки
2,Не могу найти информацию о оператором справочной службы
2,Не могу найти информацию о номере диспетчере справки
2,Не могу найти информацию о номере диспетчере справочной службы
2,Не могу найти информацию о номере операторе справки
2,Не могу найти информацию о номере операторе справочной службы
2,Не могу найти информацию о номере диспетчером справки
2,Не могу найти информацию о номере диспетчером справочной службы
2,Не могу найти информацию о номере оператором справки
2,Не могу найти информацию о номере оператором справочной службы
2,Не могу найти номерок диспетчере справки
2,Не могу найти номерок диспетчере справочной службы
2,Не могу найти номерок операторе справки
2,Не могу найти номерок операторе справочной службы
2,Не могу найти номерок диспетчером справки
2,Не могу найти номерок диспетчером справочной службы
2,Не могу найти номерок оператором справки
2,Не могу найти номерок оператором справочной службы
2,Не могу найти как связаться с диспетчере справки
2,Не могу найти как связаться с диспетчере справочной службы
2,Не могу найти как связаться с операторе справки
2,Не могу найти как связаться с операторе справочной службы
2,Не могу найти как связаться с диспетчером справки
2,Не могу найти как связаться с диспетчером справочной службы
2,Не могу найти как связаться с оператором справки
2,Не могу найти как связаться с оператором справочной службы
2,Не могу узнать номер диспетчере справки
2,Не могу узнать номер диспетчере справочной службы
2,Не могу узнать номер операторе справки
2,Не могу узнать номер операторе справочной службы
2,Не могу узнать номер диспетчером справки
2,Не могу узнать номер диспетчером справочной службы
2,Не могу узнать номер оператором справки
2,Не могу узнать номер оператором справочной службы
2,Не могу узнать данные номера диспетчере справки
2,Не могу узнать данные номера диспетчере справочной службы
2,Не могу узнать данные номера операторе справки
2,Не могу узнать данные номера операторе справочной службы
2,Не могу узнать данные номера диспетчером справки
2,Не могу узнать данные номера диспетчером справочной службы
2,Не могу узнать данные номера оператором справки
2,Не могу узнать данные номера оператором справочной службы
2,Не могу узнать информацию о диспетчере справки
2,Не могу узнать информацию о диспетчере справочной службы
2,Не могу узнать информацию о операторе справки
2,Не могу узнать информацию о операторе справочной службы
2,Не могу узнать информацию о диспетчером справки
2,Не могу узнать информацию о диспетчером справочной службы
2,Не могу узнать информацию о оператором справки
2,Не могу узнать информацию о оператором справочной службы
2,Не могу узнать информацию о номере диспетчере справки
2,Не могу узнать информацию о номере диспетчере справочной службы
2,Не могу узнать информацию о номере операторе справки
2,Не могу узнать информацию о номере операторе справочной службы
2,Не могу узнать информацию о номере диспетчером справки
2,Не могу узнать информацию о номере диспетчером справочной службы
2,Не могу узнать информацию о номере оператором справки
2,Не могу узнать информацию о номере оператором справочной службы
2,Не могу узнать номерок диспетчере справки
2,Не могу узнать номерок диспетчере справочной службы
2,Не могу узнать номерок операторе справки
2,Не могу узнать номерок операторе справочной службы
2,Не могу узнать номерок диспетчером справки
2,Не могу узнать номерок диспетчером справочной службы
2,Не могу узнать номерок оператором справки
2,Не могу узнать номерок оператором справочной службы
2,Не могу узнать как связаться с диспетчере справки
2,Не могу узнать как связаться с диспетчере справочной службы
2,Не могу узнать как связаться с операторе справки
2,Не могу узнать как связаться с операторе справочной службы
2,Не могу узнать как связаться с диспетчером справки
2,Не могу узнать как связаться с диспетчером справочной службы
2,Не могу узнать как связаться с оператором справки
2,Не могу узнать как связаться с оператором справочной службы
2,Не могу дозвонится по телефону в справку
2,Не могу дозвонится по телефону оператору справки
2,Не могу дозвонится по телефону справочной службы
2,Не могу дозвонится по телефону справки
2,Не могу дозвонится номера в справку
2,Не могу дозвонится номера оператору справки
2,Не могу дозвонится номера справочной службы
2,Не могу дозвонится номера справки
2,Не могу дозвонится телефона в справку
2,Не могу дозвонится телефона оператору справки
2,Не могу дозвонится телефона справочной службы
2,Не могу дозвонится телефона справки
2,Не могу дозвонится номера телефона в справку
2,Не могу дозвонится номера телефона оператору справки
2,Не могу дозвонится номера телефона справочной службы
2,Не могу дозвонится номера телефона справки
2,Не могу дозвонится данные номера в справку
2,Не могу дозвонится данные номера оператору справки
2,Не могу дозвонится данные номера справочной службы
2,Не могу дозвонится данные номера справки
2,Не могу дозвонится данные телефона в справку
2,Не могу дозвонится данные телефона оператору справки
2,Не могу дозвонится данные телефона справочной службы
2,Не могу дозвонится данные телефона справки
2,Не могу дозвонится информацию о в справку
2,Не могу дозвонится информацию о оператору справки
2,Не могу дозвонится информацию о справочной службы
2,Не могу дозвонится информацию о справки
2,Что по телефону в справку
2,Что по телефону оператору справки
2,Что по телефону справочной службы
2,Что по телефону справки
2,Что номера в справку
2,Что номера оператору справки
2,Что номера справочной службы
2,Что номера справки
2,Что телефона в справку
2,Что телефона оператору справки
2,Что телефона справочной службы
2,Что телефона справки
2,Что номера телефона в справку
2,Что номера телефона оператору справки
2,Что номера телефона справочной службы
2,Что номера телефона справки
2,Что данные номера в справку
2,Что данные номера оператору справки
2,Что данные номера справочной службы
2,Что данные номера справки
2,Что данные телефона в справку
2,Что данные телефона оператору справки
2,Что данные телефона справочной службы
2,Что данные телефона справки
2,Что информацию о в справку
2,Что информацию о оператору справки
2,Что информацию о справочной службы
2,Что информацию о справки
2,Как насчет по телефону в справку
2,Как насчет по телефону оператору справки
2,Как насчет по телефону справочной службы
2,Как насчет по телефону справки
2,Как насчет номера в справку
2,Как насчет номера оператору справки
2,Как насчет номера справочной службы
2,Как насчет номера справки
2,Как насчет телефона в справку
2,Как насчет телефона оператору справки
2,Как насчет телефона справочной службы
2,Как насчет телефона справки
2,Как насчет номера телефона в справку
2,Как насчет номера телефона оператору справки
2,Как насчет номера телефона справочной службы
2,Как насчет номера телефона справки
2,Как насчет данные номера в справку
2,Как насчет данные номера оператору справки
2,Как насчет данные номера справочной службы
2,Как насчет данные номера справки
2,Как насчет данные телефона в справку
2,Как насчет данные телефона оператору справки
2,Как насчет данные телефона справочной службы
2,Как насчет данные телефона справки
2,Как насчет информацию о в справку
2,Как насчет информацию о оператору справки
2,Как насчет информацию о справочной службы
2,Как насчет информацию о справки
2,Что там насчет по телефону в справку
2,Что там насчет по телефону оператору справки
2,Что там насчет по телефону справочной службы
2,Что там насчет по телефону справки
2,Что там насчет номера в справку
2,Что там насчет номера оператору справки
2,Что там насчет номера справочной службы
2,Что там насчет номера справки
2,Что там насчет телефона в справку
2,Что там насчет телефона оператору справки
2,Что там насчет телефона справочной службы
2,Что там насчет телефона справки
2,Что там насчет номера телефона в справку
2,Что там насчет номера телефона оператору справки
2,Что там насчет номера телефона справочной службы
2,Что там насчет номера телефона справки
2,Что там насчет данные номера в справку
2,Что там насчет данные номера оператору справки
2,Что там насчет данные номера справочной службы
2,Что там насчет данные номера справки
2,Что там насчет данные телефона в справку
2,Что там насчет данные телефона оператору справки
2,Что там насчет данные телефона справочной службы
2,Что там насчет данные телефона справки
2,Что там насчет информацию о в справку
2,Что там насчет информацию о оператору справки
2,Что там насчет информацию о справочной службы
2,Что там насчет информацию о справки
2,Проясни насчет по телефону в справку
2,Проясни насчет по телефону оператору справки
2,Проясни насчет по телефону справочной службы
2,Проясни насчет по телефону справки
2,Проясни насчет номера в справку
2,Проясни насчет номера оператору справки
2,Проясни насчет номера справочной службы
2,Проясни насчет номера справки
2,Проясни насчет телефона в справку
2,Проясни насчет телефона оператору справки
2,Проясни насчет телефона справочной службы
2,Проясни насчет телефона справки
2,Проясни насчет номера телефона в справку
2,Проясни насчет номера телефона оператору справки
2,Проясни насчет номера телефона справочной службы
2,Проясни насчет номера телефона справки
2,Проясни насчет данные номера в справку
2,Проясни насчет данные номера оператору справки
2,Проясни насчет данные номера справочной службы
2,Проясни насчет данные номера справки
2,Проясни насчет данные телефона в справку
2,Проясни насчет данные телефона оператору справки
2,Проясни насчет данные телефона справочной службы
2,Проясни насчет данные телефона справки
2,Проясни насчет информацию о в справку
2,Проясни насчет информацию о оператору справки
2,Проясни насчет информацию о справочной службы
2,Проясни насчет информацию о справки
2,Объясни где взять по телефону в справку
2,Объясни где взять по телефону оператору справки
2,Объясни где взять по телефону справочной службы
2,Объясни где взять по телефону справки
2,Объясни где взять номера в справку
2,Объясни где взять номера оператору справки
2,Объясни где взять номера справочной службы
2,Объясни где взять номера справки
2,Объясни где взять телефона в справку
2,Объясни где взять телефона оператору справки
2,Объясни где взять телефона справочной службы
2,Объясни где взять телефона справки
2,Объясни где взять номера телефона в справку
2,Объясни где взять номера телефона оператору справки
2,Объясни где взять номера телефона справочной службы
2,Объясни где взять номера телефона справки
2,Объясни где взять данные номера в справку
2,Объясни где взять данные номера оператору справки
2,Объясни где взять данные номера справочной службы
2,Объясни где взять данные номера справки
2,Объясни где взять данные телефона в справку
2,Объясни где взять данные телефона оператору справки
2,Объясни где взять данные телефона справочной службы
2,Объясни где взять данные телефона справки
2,Объясни где взять информацию о в справку
2,Объясни где взять информацию о оператору справки
2,Объясни где взять информацию о справочной службы
2,Объясни где взять информацию о справки
2,Не могу дозвонится по телефону справочной информации
2,Не могу дозвонится номера справочной информации
2,Не могу дозвонится телефона справочной информации
2,Не могу дозвонится номера телефона справочной информации
2,Не могу дозвонится данные номера справочной информации
2,Не могу дозвонится данные телефона справочной информации
2,Не могу дозвонится информацию о справочной информации
2,Что по телефону справочной информации
2,Что номера справочной информации
2,Что телефона справочной информации
2,Что номера телефона справочной информации
2,Что данные номера справочной информации
2,Что данные телефона справочной информации
2,Что информацию о справочной информации
2,Как насчет по телефону справочной информации
2,Как насчет номера справочной информации
2,Как насчет телефона справочной информации
2,Как насчет номера телефона справочной информации
2,Как насчет данные номера справочной информации
2,Как насчет данные телефона справочной информации
2,Как насчет информацию о справочной информации
2,Что там насчет по телефону справочной информации
2,Что там насчет номера справочной информации
2,Что там насчет телефона справочной информации
2,Что там насчет номера телефона справочной информации
2,Что там насчет данные номера справочной информации
2,Что там насчет данные телефона справочной информации
2,Что там насчет информацию о справочной информации
2,Проясни насчет по телефону справочной информации
2,Проясни насчет номера справочной информации
2,Проясни насчет телефона справочной информации
2,Проясни насчет номера телефона справочной информации
2,Проясни насчет данные номера справочной информации
2,Проясни насчет данные телефона справочной информации
2,Проясни насчет информацию о справочной информации
2,Объясни где взять по телефону справочной информации
2,Объясни где взять номера справочной информации
2,Объясни где взять телефона справочной информации
2,Объясни где взять номера телефона справочной информации
2,Объясни где взять данные номера справочной информации
2,Объясни где взять данные телефона справочной информации
2,Объясни где взять информацию о справочной информации
2,Дай номер справочную консультации
2,Дай номер справочную консультацию
2,Дай номер справочной консультации
2,Дай номер справочной консультацию
2,Дай номер о справочной консультации
2,Дай номер о справочной консультацию
2,Дай телефон справочную консультации
2,Дай телефон справочную консультацию
2,Дай телефон справочной консультации
2,Дай телефон справочной консультацию
2,Дай телефон о справочной консультации
2,Дай телефон о справочной консультацию
2,Дай номер телефона справочную консультации
2,Дай номер телефона справочную консультацию
2,Дай номер телефона справочной консультации
2,Дай номер телефона справочной консультацию
2,Дай номер телефона о справочной консультации
2,Дай номер телефона о справочной консультацию
2,Дай номер оператора справочную консультации
2,Дай номер оператора справочную консультацию
2,Дай номер оператора справочной консультации
2,Дай номер оператора справочной консультацию
2,Дай номер оператора о справочной консультации
2,Дай номер оператора о справочной консультацию
2,Дай телефон оператора справочную консультации
2,Дай телефон оператора справочную консультацию
2,Дай телефон оператора справочной консультации
2,Дай телефон оператора справочной консультацию
2,Дай телефон оператора о справочной консультации
2,Дай телефон оператора о справочной консультацию
2,Подскажи номер справочную консультации
2,Подскажи номер справочную консультацию
2,Подскажи номер справочной консультации
2,Подскажи номер справочной консультацию
2,Подскажи номер о справочной консультации
2,Подскажи номер о справочной консультацию
2,Подскажи телефон справочную консультации
2,Подскажи телефон справочную консультацию
2,Подскажи телефон справочной консультации
2,Подскажи телефон справочной консультацию
2,Подскажи телефон о справочной консультации
2,Подскажи телефон о справочной консультацию
2,Подскажи номер телефона справочную консультации
2,Подскажи номер телефона справочную консультацию
2,Подскажи номер телефона справочной консультации
2,Подскажи номер телефона справочной консультацию
2,Подскажи номер телефона о справочной консультации
2,Подскажи номер телефона о справочной консультацию
2,Подскажи номер оператора справочную консультации
2,Подскажи номер оператора справочную консультацию
2,Подскажи номер оператора справочной консультации
2,Подскажи номер оператора справочной консультацию
2,Подскажи номер оператора о справочной консультации
2,Подскажи номер оператора о справочной консультацию
2,Подскажи телефон оператора справочную консультации
2,Подскажи телефон оператора справочную консультацию
2,Подскажи телефон оператора справочной консультации
2,Подскажи телефон оператора справочной консультацию
2,Подскажи телефон оператора о справочной консультации
2,Подскажи телефон оператора о справочной консультацию
2,Расскажи номер справочную консультации
2,Расскажи номер справочную консультацию
2,Расскажи номер справочной консультации
2,Расскажи номер справочной консультацию
2,Расскажи номер о справочной консультации
2,Расскажи номер о справочной консультацию
2,Расскажи телефон справочную консультации
2,Расскажи телефон справочную консультацию
2,Расскажи телефон справочной консультации
2,Расскажи телефон справочной консультацию
2,Расскажи телефон о справочной консультации
2,Расскажи телефон о справочной консультацию
2,Расскажи номер телефона справочную консультации
2,Расскажи номер телефона справочную консультацию
2,Расскажи номер телефона справочной консультации
2,Расскажи номер телефона справочной консультацию
2,Расскажи номер телефона о справочной консультации
2,Расскажи номер телефона о справочной консультацию
2,Расскажи номер оператора справочную консультации
2,Расскажи номер оператора справочную консультацию
2,Расскажи номер оператора справочной консультации
2,Расскажи номер оператора справочной консультацию
2,Расскажи номер оператора о справочной консультации
2,Расскажи номер оператора о справочной консультацию
2,Расскажи телефон оператора справочную консультации
2,Расскажи телефон оператора справочную консультацию
2,Расскажи телефон оператора справочной консультации
2,Расскажи телефон оператора справочной консультацию
2,Расскажи телефон оператора о справочной консультации
2,Расскажи телефон оператора о справочной консультацию
2,Хочу номер справочную консультации
2,Хочу номер справочную консультацию
2,Хочу номер справочной консультации
2,Хочу номер справочной консультацию
2,Хочу номер о справочной консультации
2,Хочу номер о справочной консультацию
2,Хочу телефон справочную консультации
2,Хочу телефон справочную консультацию
2,Хочу телефон справочной консультации
2,Хочу телефон справочной консультацию
2,Хочу телефон о справочной консультации
2,Хочу телефон о справочной консультацию
2,Хочу номер телефона справочную консультации
2,Хочу номер телефона справочную консультацию
2,Хочу номер телефона справочной консультации
2,Хочу номер телефона справочной консультацию
2,Хочу номер телефона о справочной консультации
2,Хочу номер телефона о справочной консультацию
2,Хочу номер оператора справочную консультации
2,Хочу номер оператора справочную консультацию
2,Хочу номер оператора справочной консультации
2,Хочу номер оператора справочной консультацию
2,Хочу номер оператора о справочной консультации
2,Хочу номер оператора о справочной консультацию
2,Хочу телефон оператора справочную консультации
2,Хочу телефон оператора справочную консультацию
2,Хочу телефон оператора справочной консультации
2,Хочу телефон оператора справочной консультацию
2,Хочу телефон оператора о справочной консультации
2,Хочу телефон оператора о справочной консультацию
2,Хочу получить номер справочную консультации
2,Хочу получить номер справочную консультацию
2,Хочу получить номер справочной консультации
2,Хочу получить номер справочной консультацию
2,Хочу получить номер о справочной консультации
2,Хочу получить номер о справочной консультацию
2,Хочу получить телефон справочную консультации
2,Хочу получить телефон справочную консультацию
2,Хочу получить телефон справочной консультации
2,Хочу получить телефон справочной консультацию
2,Хочу получить телефон о справочной консультации
2,Хочу получить телефон о справочной консультацию
2,Хочу получить номер телефона справочную консультации
2,Хочу получить номер телефона справочную консультацию
2,Хочу получить номер телефона справочной консультации
2,Хочу получить номер телефона справочной консультацию
2,Хочу получить номер телефона о справочной консультации
2,Хочу получить номер телефона о справочной консультацию
2,Хочу получить номер оператора справочную консультации
2,Хочу получить номер оператора справочную консультацию
2,Хочу получить номер оператора справочной консультации
2,Хочу получить номер оператора справочной консультацию
2,Хочу получить номер оператора о справочной консультации
2,Хочу получить номер оператора о справочной консультацию
2,Хочу получить телефон оператора справочную консультации
2,Хочу получить телефон оператора справочную консультацию
2,Хочу получить телефон оператора справочной консультации
2,Хочу получить телефон оператора справочной консультацию
2,Хочу получить телефон оператора о справочной консультации
2,Хочу получить телефон оператора о справочной консультацию
2,Где взять номер справочную консультации
2,Где взять номер справочную консультацию
2,Где взять номер справочной консультации
2,Где взять номер справочной консультацию
2,Где взять номер о справочной консультации
2,Где взять номер о справочной консультацию
2,Где взять телефон справочную консультации
2,Где взять телефон справочную консультацию
2,Где взять телефон справочной консультации
2,Где взять телефон справочной консультацию
2,Где взять телефон о справочной консультации
2,Где взять телефон о справочной консультацию
2,Где взять номер телефона справочную консультации
2,Где взять номер телефона справочную консультацию
2,Где взять номер телефона справочной консультации
2,Где взять номер телефона справочной консультацию
2,Где взять номер телефона о справочной консультации
2,Где взять номер телефона о справочной консультацию
2,Где взять номер оператора справочную консультации
2,Где взять номер оператора справочную консультацию
2,Где взять номер оператора справочной консультации
2,Где взять номер оператора справочной консультацию
2,Где взять номер оператора о справочной консультации
2,Где взять номер оператора о справочной консультацию
2,Где взять телефон оператора справочную консультации
2,Где взять телефон оператора справочную консультацию
2,Где взять телефон оператора справочной консультации
2,Где взять телефон оператора справочной консультацию
2,Где взять телефон оператора о справочной консультации
2,Где взять телефон оператора о справочной консультацию
2,Где найти номер справочную консультации
2,Где найти номер справочную консультацию
2,Где найти номер справочной консультации
2,Где найти номер справочной консультацию
2,Где найти номер о справочной консультации
2,Где найти номер о справочной консультацию
2,Где найти телефон справочную консультации
2,Где найти телефон справочную консультацию
2,Где найти телефон справочной консультации
2,Где найти телефон справочной консультацию
2,Где найти телефон о справочной консультации
2,Где найти телефон о справочной консультацию
2,Где найти номер телефона справочную консультации
2,Где найти номер телефона справочную консультацию
2,Где найти номер телефона справочной консультации
2,Где найти номер телефона справочной консультацию
2,Где найти номер телефона о справочной консультации
2,Где найти номер телефона о справочной консультацию
2,Где найти номер оператора справочную консультации
2,Где найти номер оператора справочную консультацию
2,Где найти номер оператора справочной консультации
2,Где найти номер оператора справочной консультацию
2,Где найти номер оператора о справочной консультации
2,Где найти номер оператора о справочной консультацию
2,Где найти телефон оператора справочную консультации
2,Где найти телефон оператора справочную консультацию
2,Где найти телефон оператора справочной консультации
2,Где найти телефон оператора справочной консультацию
2,Где найти телефон оператора о справочной консультации
2,Где найти телефон оператора о справочной консультацию
2,Что по номер справки
2,Что по номер справочной службы
2,Что по телефон справки
2,Что по телефон справочной службы
2,Что по номер телефона справки
2,Что по номер телефона справочной службы
2,Что по номер оператора справки
2,Что по номер оператора справочной службы
2,Что по телефон оператора справки
2,Что по телефон оператора справочной службы
2,Найди номер справки
2,Найди номер справочной службы
2,Найди телефон справки
2,Найди телефон справочной службы
2,Найди номер телефона справки
2,Найди номер телефона справочной службы
2,Найди номер оператора справки
2,Найди номер оператора справочной службы
2,Найди телефон оператора справки
2,Найди телефон оператора справочной службы
2,Выведи номер справки
2,Выведи номер справочной службы
2,Выведи телефон справки
2,Выведи телефон справочной службы
2,Выведи номер телефона справки
2,Выведи номер телефона справочной службы
2,Выведи номер оператора справки
2,Выведи номер оператора справочной службы
2,Выведи телефон оператора справки
2,Выведи телефон оператора справочной службы
2,Проблема с номером справки
2,Проблема с номером справочной службы
2,Проблема с телефоном справки
2,Проблема с телефоном справочной службы
2,Проблема с номером телефона справки
2,Проблема с номером телефона справочной службы
2,Проблема с номером оператора справки
2,Проблема с номером оператора справочной службы
2,Проблема с телефоном оператора справки
2,Проблема с телефоном оператора справочной службы
2,Затруднение с номером справки
2,Затруднение с номером справочной службы
2,Затруднение с телефоном справки
2,Затруднение с телефоном справочной службы
2,Затруднение с номером телефона справки
2,Затруднение с номером телефона справочной службы
2,Затруднение с номером оператора справки
2,Затруднение с номером оператора справочной службы
2,Затруднение с телефоном оператора справки
2,Затруднение с телефоном оператора справочной службы
2,Трудность с номером справки
2,Трудность с номером справочной службы
2,Трудность с телефоном справки
2,Трудность с телефоном справочной службы
2,Трудность с номером телефона справки
2,Трудность с номером телефона справочной службы
2,Трудность с номером оператора справки
2,Трудность с номером оператора справочной службы
2,Трудность с телефоном оператора справки
2,Трудность с телефоном оператора справочной службы
2,Неясность с номером справки
2,Неясность с номером справочной службы
2,Неясность с телефоном справки
2,Неясность с телефоном справочной службы
2,Неясность с номером телефона справки
2,Неясность с номером телефона справочной службы
2,Неясность с номером оператора справки
2,Неясность с номером оператора справочной службы
2,Неясность с телефоном оператора справки
2,Неясность с телефоном оператора справочной службы
